word,origin,mgtow,trp,incels,health,criticism,mra,pua
cocktease,prior,0.089012206,0.13233642,0.1442394,0.08063567,0.21596617,0.080008656,0.21073571
dickpill,ours,-0.12893777,-0.043618016,0.5262805,0.013954807,-0.11116342,-0.10383832,-0.011024438
cope,prior,0.3585745,0.37166283,2.232197,1.8560613,0.82934856,-0.09950162,0.08258611
alt,prior,0.22258821,-0.10073236,0.86009663,-0.5320962,1.0601393,0.36114204,-0.3558409
libtards,prior,0.40750402,-0.057725623,-0.12103533,-0.3411618,0.027166525,0.032616153,-0.14789318
numale,prior,-0.075304225,-0.23914757,1.727264,-0.41044152,0.33505368,-0.42413718,-0.5540213
hoes,prior,1.8062314,1.6610768,0.85706395,-0.4913065,0.5201073,0.101935565,1.0444907
it,prior,-0.39240724,-0.37545085,-0.32260773,-0.13922183,-0.20183903,-0.21862312,-0.15687245
oys,ours,0.04904325,0.80888116,0.04116709,0.10524562,0.45147735,0.049904786,0.24074881
faceandlms,ours,0.104821995,0.021463301,0.56166697,-0.21125852,0.03897979,-0.17128797,0.053308148
wamyn,ours,0.6096746,0.38391256,0.40774873,0.24732931,0.54542625,0.39216557,0.13448541
moneymaxx,ours,-0.092591785,-0.038723458,0.8794871,-0.03964781,-0.06775403,-0.10174442,0.007912358
boyo,prior,0.049412224,-0.13288236,1.9642057,-0.14040373,-0.24538273,-0.4599133,-0.1900105
dickwad,prior,0.041442435,0.02598353,0.187827,0.05556765,0.122023866,0.052914005,0.12913375
hit,prior,1.5011578,1.7150418,1.4512722,1.7528901,1.5215504,1.590553,1.7821321
hick,prior,0.07771489,0.22440286,0.32730877,0.1023303,0.17698935,0.16090427,0.07515454
heartiste,ours,0.063615516,0.56733733,-0.046047606,6.48E-05,0.5243475,0.018353418,0.44407848
shortcels,ours,-0.12235343,-0.11301932,1.0994284,-0.11674996,-0.1396693,-0.19820811,-0.19479644
jackass,prior,0.2895889,0.28787762,0.22658783,-0.043233573,0.36460888,-0.043093264,0.07103513
foids,prior,0.41009948,0.070282735,2.6302896,-0.048697855,0.76655984,0.08526611,0.030197063
jawcels,ours,-0.102507405,-0.036523,0.3996223,-0.016642002,-0.011518224,-0.09464536,-0.06822471
dontcomplain,ours,0.014115003,0.040255897,0.4865033,0.06063577,0.034629017,0.0133396145,0.028714366
pig,prior,0.6673151,0.06906762,0.44861108,-0.24844652,0.32814196,0.449162,-0.14817221
gymaxxing,ours,0.047039803,0.09348369,0.7144232,0.09854419,0.08700066,0.058912586,0.11428337
surgerymaxxed,ours,-0.013193091,-0.0041803606,0.7361078,0.016596466,-0.060280025,-0.051491365,0.000981375
soylo,ours,0.090622425,0.20714763,0.16924572,0.08583346,0.074581124,0.02739475,0.09145145
fgm,prior,0.045224637,0.03890483,-0.023590686,-0.108520135,0.52099645,1.6328918,-0.13053295
escortcel,prior,-0.16155778,-0.25884777,0.8161938,-0.20233642,-0.14385661,-0.3524514,-0.29576814
careermaxx,ours,0.0035677988,0.05114897,0.43556866,0.0696523,0.018182594,-0.0062569464,0.060783554
gorilla,prior,0.15306756,0.35085306,0.396648,-0.16389666,0.15479112,-0.05744552,0.24592015
overthrow,prior,0.18587783,0.0077414773,0.17538302,-0.12852159,0.36188915,0.10042296,-0.1321267
stacey,prior,0.019457454,-0.119370565,1.2219648,-0.47343782,0.3196544,-0.4034223,-0.053853087
mock,prior,0.34442136,0.22195487,1.2948658,0.28802007,1.5997994,0.5731728,0.2660534
poison,prior,0.78999543,0.5214435,0.2258243,0.36808053,0.53289104,0.31517017,0.009671377
normtard,ours,-0.0739109,0.007917344,0.42478424,-0.027338533,0.07902822,-0.005427859,-0.033417646
looksmatched,ours,-0.12537383,-0.10047988,1.2852861,-0.2530551,0.28109035,-0.22754127,-0.036319997
mras,ours,0.56644046,0.027138248,0.102788754,-0.28158033,1.3861808,1.9344369,-0.24530144
snatch,prior,0.4457218,0.31027585,0.046220426,-0.28557855,0.13739847,-0.078862496,0.077728055
zygos,ours,-0.14067253,-0.11267788,0.5349212,-0.06604001,-0.19146484,-0.1473305,-0.113219626
lanklets,ours,-0.05366365,0.07302181,0.6430278,0.03079903,-0.025170986,-0.03821085,0.05319331
bpers,ours,0.091449514,0.16687714,0.12955251,-0.010219589,0.34675962,0.08884124,0.1324192
terpers,ours,0.22159156,0.3632142,0.37268296,0.08592958,1.787016,0.20238894,0.075841576
tradcucks,ours,0.72051984,-0.050559893,-0.026802722,-0.2325941,0.089928955,0.033461407,-0.3186137
mtgow,ours,0.37729746,0.14441167,-0.04967649,-0.03372036,0.20503452,-0.008779522,-0.020730302
fashionmaxxing,ours,0.044418547,0.0937859,0.49274322,0.10966795,0.09443233,0.059247125,0.11148079
bullet,prior,0.9001987,0.63855475,0.35066593,0.4589489,0.26869687,0.21757604,0.35268682
poontang,prior,0.2047016,0.18511759,0.21690607,0.18764691,0.28070667,0.11694359,0.25428224
moneymax,prior,0.023115773,-0.015680242,0.90401787,0.13261098,-0.06720007,-0.08130206,0.06039913
sperg,prior,-0.105405144,0.70193434,0.53822434,-0.2960347,0.56030506,-0.19642358,0.27229878
wristmogged,prior,0.031077512,0.064775944,0.3292978,0.103301674,0.19191398,0.038113978,0.060011595
nt,prior,0.12836479,0.15019801,0.3573303,0.11496702,0.18909316,0.0934986,0.117261074
thot,prior,2.8172708,0.9860022,1.1086335,-0.9049646,1.1856732,0.52090824,-0.09481851
inzel,ours,0.03784479,0.08906639,1.1817434,0.07353406,0.14000775,0.025739899,0.07129019
canthal,ours,0.092517324,0.14352272,1.4107642,0.110421926,0.102053784,-0.025547028,0.03573968
sig,prior,0.19869636,-0.05230608,0.014070571,-0.043584753,-0.053488426,-0.018637989,-0.018763144
pua,prior,0.9336894,1.7481594,0.38606274,-0.8305216,1.0245335,-0.13812539,1.9170182
t,prior,0.0061509535,0.34794897,0.23541448,0.7746909,0.35685462,0.22927992,0.5707418
psl,prior,-0.052509207,0.0610249,1.0614477,-0.056260504,-0.17812183,-0.1974243,0.035729893
cc,prior,1.273537,1.2849381,0.13226831,-0.3800949,0.24848689,-0.18047248,0.2925365
moneymaxxed,ours,0.10527534,0.14448161,0.30743554,0.14535686,0.126905,0.10958545,0.1604814
redpilling,ours,0.50198257,0.07365749,0.08060235,-0.15304099,0.06742317,0.17084745,-0.18095861
voicecel,ours,-0.0019501563,0.016225304,0.5811846,0.05328545,0.09800206,0.0010250681,0.030054389
simp,prior,2.4402895,0.80848235,0.281905,-0.7587304,0.54554814,0.15954576,-0.37225738
mgtows,ours,1.891845,0.57009786,0.38040268,-0.3655903,1.3271638,0.63566726,-0.13864255
betabuxxx,ours,0.08540068,0.084091194,0.44307047,0.08975364,0.058992684,0.04524122,0.120830305
whores,prior,1.8785369,1.0534859,1.4937713,-0.66754204,1.4711273,0.63643515,-0.00076963566
milf,prior,0.2061755,0.19737557,0.13284245,-0.51416165,-0.1394316,-0.2595837,0.3777458
shove,prior,0.3179317,0.47487468,-0.0014639816,-0.2347389,0.13072307,0.35245857,-0.06331132
daygame,ours,-0.013179887,1.0575498,0.16523163,-0.0227497,0.16201779,-0.14963697,1.9896457
trt,prior,0.4140034,1.2818441,0.15784964,-0.091102034,0.09538372,-0.10225982,0.23946969
redpillwomen,prior,0.23509808,0.4283751,0.010960252,-0.20627293,0.48240176,-0.047789615,0.11738548
oneitus,ours,0.13489437,0.9562082,0.14924866,0.026019705,0.41543627,-0.09136763,0.499981
uglycel,ours,-0.14512607,-0.15502499,0.3416773,-0.07590045,-0.031280987,-0.17759717,-0.024157729
trannymax,ours,0.03737734,0.09288699,0.3961368,0.061030798,0.052109927,0.038355272,0.07186179
bb,prior,0.46409872,1.3115922,0.6156801,-0.16831003,0.33199552,-0.20086639,0.4409994
brainlet,ours,0.23058541,0.19068217,1.8230227,0.057054017,0.44542038,-0.0347567,-0.14303257
vocel,ours,-0.10565951,-0.2107719,0.7512455,-0.12522261,0.06363433,-0.11313978,-0.13849524
itcucks,prior,-0.0070426506,-0.02139046,0.5849773,0.024434574,0.25899896,-0.013241517,-0.013143924
bbc,prior,0.5360353,0.0016275533,1.0650011,-0.28213033,0.5835601,1.0426959,-0.32451913
trannymaxx,ours,0.09657235,0.08127233,0.5981801,0.0805965,-0.022837805,0.003164107,0.059343036
trp,prior,2.1396694,3.3164995,1.4960917,0.294492,2.8058355,1.44472,2.5729532
soys,ours,0.26936305,0.12273657,0.45105323,0.06881256,0.15498795,0.13503945,0.059516598
slutty,prior,0.46194714,1.0254614,0.47401577,-0.4014879,0.9202034,0.04098767,0.90216374
normcucks,ours,-0.06247998,-0.037948202,0.4159172,-0.0047595673,-0.020814104,-0.05851707,-0.020434774
khhv,prior,-0.14409666,-0.15168178,1.1986878,-0.057652712,-0.085447505,-0.2987595,-0.049110115
jawcel,ours,-0.025722705,0.016059764,0.45899683,0.04311592,-0.037038907,-0.019704865,0.04019282
titties,prior,0.4244091,0.2196026,0.20517613,-0.17675312,0.22695974,0.123165905,0.16784471
omega,prior,0.1960226,0.33925402,0.403301,-0.23991875,0.2058729,-0.1843487,-0.0037388299
sahm,prior,0.16375303,0.64239174,0.06912417,-0.027416615,1.0505232,0.28331122,-0.13135308
slits,prior,0.12504497,0.15187152,0.077150896,0.22871684,0.077468954,0.03733059,0.19219159
normies,prior,0.90169007,0.46126425,2.6779275,0.5957723,1.4374921,0.25111052,0.5909289
blackcel,prior,-0.27134883,-0.3537495,0.930583,-0.25375822,-0.3411196,-0.3228143,-0.29359382
chadlite,prior,0.08473745,0.04883549,2.4063046,-0.039280448,0.17279802,-0.24108994,0.19412252
chadullah,ours,-0.024160089,0.054153915,0.24821882,-0.0053125015,0.241341,-0.03945662,0.051725354
baldcels,ours,0.03983128,-0.14212283,0.7363814,-0.08188734,-0.0033389726,-0.057625327,-0.1531181
str,prior,0.070815034,0.45863155,0.21001133,0.07552965,0.3349401,0.081177354,0.34377775
punish,prior,0.36407846,0.8107367,0.1938382,0.13774787,0.6180354,1.116632,0.24468309
dangzagnut,ours,0.51866794,0.048273966,-0.06365621,0.017953318,-0.0047923997,-0.013442464,0.05667013
trucels,ours,-0.11809534,-0.18882361,1.4667974,-0.011179354,0.017721392,-0.12505905,-0.20643549
prime,prior,1.1039354,1.1078999,0.8022807,-0.3738178,0.61125714,0.6387531,0.61978006
sand,prior,0.32847062,0.11235729,0.19018695,-0.08479744,0.18820953,0.1747624,-0.08411425
soyboys,prior,0.71273786,0.25541854,0.9429474,-0.6464923,0.542873,-0.008727759,-0.60684454
studycel,ours,-0.0617957,0.01862971,0.64096886,-0.024247259,0.012075212,-0.055745516,-0.031700965
suicidefuel,ours,-0.23253752,-0.24681225,0.8527408,-0.12513079,-0.038665865,-0.31285793,-0.29556495
npc,prior,1.526625,-0.0010837931,0.8974202,0.11061529,0.23965137,0.0819638,0.07116448
mgtowers,ours,0.4129889,0.14712343,0.23251486,-0.015941326,0.1668425,0.14994758,0.096215375
shooting,prior,0.5361896,0.56299657,0.2589125,0.06420795,0.21938404,0.4469858,0.30573127
normie,prior,0.6299426,0.40278277,2.9603808,0.5347793,1.2416276,-0.025890538,0.7807198
nexting,ours,-0.01740162,1.6828665,-0.10258887,-0.07318268,0.26781848,-0.01871764,1.2935584
creature,prior,1.0968357,0.25921658,0.7828067,-0.012118487,0.5968403,0.22271883,0.0061209444
gymmaxing,ours,0.09324111,0.13335101,0.5045716,0.13022967,0.100782484,0.0983755,0.13774063
normalfags,prior,-0.021389382,-0.014545318,0.88347787,-0.026271667,0.12042819,-0.039440982,-0.16256511
framecels,ours,-0.20196451,-0.14191079,0.7472885,-0.1644898,-0.10310283,-0.11761638,-0.16670056
feminazi,prior,0.82190835,-0.114024,-0.051929474,-0.5775229,0.5982425,0.74114674,-0.5847744
rape,prior,1.6545745,0.8040584,0.83680224,-0.21852216,1.7614975,2.4374044,0.27150044
bitch,prior,2.0194216,1.6969603,1.5798271,0.80713713,1.7158275,1.4798368,1.3780304
mrp,prior,0.36542737,1.344581,0.14598536,0.22801986,1.176656,0.29156974,0.591235
instathots,ours,0.307465,0.12511529,0.31262138,0.1446866,0.12900563,0.120555386,0.08130481
cuckland,ours,0.4112783,0.106045365,0.347384,0.08828731,0.2894299,0.079750165,0.06195414
chav,prior,0.2584771,0.16992503,0.33814466,0.11671691,0.2085845,0.23392498,0.19002877
gymcell,ours,-0.044541057,0.01920925,0.58812124,0.0364423,0.0749713,-0.038259972,0.002964452
soycuck,ours,0.08984801,0.12081482,0.68287593,0.09954722,0.06745285,0.065638416,0.08515862
punching,prior,0.012411997,0.0021261834,0.10904306,0.24278747,-0.09570227,0.106221706,-0.07611369
shithead,prior,-0.0583029,0.01909001,0.018963933,-0.07075313,0.38127926,0.052075103,-0.14311947
ricecels,prior,-0.24218646,-0.28439733,1.6235101,-0.34045377,-0.14624639,-0.27051327,-0.30293077
wamen,ours,0.5658106,-0.014550377,0.41852126,-0.16476384,0.240804,0.5819435,-0.10331171
torture,prior,0.1844657,-0.07099724,0.50834864,0.9491476,0.11041568,0.22378333,-0.32690808
noodle,prior,-0.08717486,0.043693393,0.87122387,-0.36746868,-0.15272222,-0.26697898,-0.20199618
patriarchy,prior,1.4531578,0.1382799,0.10607998,-0.639743,1.6158808,2.1362922,-0.7477593
acid,prior,0.17479278,0.2876798,0.13476321,0.19857831,0.2460139,0.18783179,0.025974832
slays,prior,0.1697431,0.44980517,1.033882,-0.02500627,-0.042642742,-0.0753918,0.059270963
oltr,ours,0.07902835,0.7729947,0.04345872,0.09596487,0.2345375,0.02245501,0.4696569
smash,prior,0.78051573,0.9832555,0.86738133,-0.06530131,0.13980061,-0.09670428,0.8952842
stemcel,ours,-0.13931721,-0.19742714,0.6645834,-0.16851614,-0.19805391,-0.17385225,-0.16302942
pussies,prior,0.91343653,1.0198618,0.6794519,-0.7526034,0.9953452,0.1901765,0.04308164
whale,prior,0.85817426,0.23242845,0.6971219,-0.27065524,0.17748898,0.08272579,-0.0012347884
incest,prior,0.29341543,0.11130031,0.28639433,-0.054795448,0.21974704,0.18601613,-0.013727164
baldcel,prior,0.039088756,0.034525912,0.8725337,0.14465737,-0.03940126,-0.039418817,-0.018091712
fwb,prior,0.28494993,1.7993412,0.48023823,-0.30023786,0.15857455,-0.4589775,1.9371411
calculatorcel,ours,0.0063500307,0.035797577,0.56038654,0.049524125,0.18505,0.017236495,0.04831294
buxing,ours,0.021184526,0.03433846,0.3472704,0.011781797,0.2276058,-0.05873864,0.13064048
inceltears,ours,0.42672446,0.03204854,2.383884,0.18357472,1.3765014,0.58350784,-0.006352106
becky,prior,0.16491498,0.2459102,1.1780736,-0.30632922,0.26689014,-0.07642699,0.07317774
thebluepill,ours,0.17061909,0.125597,0.14748552,0.095980555,0.30050576,0.09961796,0.070427865
currywhore,ours,0.001763899,0.024552327,0.4341551,0.027605848,-0.04339091,-0.077734165,0.04062878
soy,prior,1.4368799,0.46686032,1.0274017,-1.2429324,0.7835508,0.11850007,-1.068778
oldcel,ours,-0.08703805,-0.110772856,0.86683136,-0.060303334,-0.10232059,-0.15583621,-0.084746994
cumskins,ours,-0.012224495,0.016982796,0.5048569,0.0066278996,0.11112281,-0.038938705,0.023214107
stacys,prior,-0.008726423,-0.2641943,1.6144807,-0.25514442,0.41888,-0.1862167,-0.07115246
metooed,ours,0.17254582,-0.09664346,0.23541942,-0.44028625,-0.30492288,-0.22230455,-0.33004558
moneymaxxing,ours,-0.04146125,0.11472073,0.772736,-0.035574127,0.035589486,-0.1273462,-0.02235607
hight,prior,-0.017508166,-0.0055816695,0.26162523,-0.037732285,0.048465315,-0.06636819,0.059368264
dumbass,prior,0.6211276,0.57890654,0.7318931,-0.14079082,0.5714632,0.2632619,-0.19029725
albino,prior,0.12360885,0.22201483,0.23951223,0.2077813,0.17254683,0.10171023,0.090649895
whitecels,ours,-0.25384068,-0.18104947,0.8844761,-0.20329009,-0.049715318,-0.20661858,-0.26479152
monkey,prior,1.140487,0.9782069,0.35139886,-0.19338433,0.39224407,-0.10601729,0.5103049
boobs,prior,0.6017896,0.63282144,0.9357541,-0.03194581,0.6302095,0.59898937,0.4532273
monster,prior,0.10650938,-0.4605236,0.07516174,-0.14398688,0.075206876,-0.031507596,-0.8464651
manosphere,prior,0.7307138,1.031147,0.6034232,-0.28111938,2.385264,0.53292716,0.20116866
gynocentric,ours,1.3335156,0.10607485,0.020542707,-0.6217117,0.5713362,0.7110749,-0.6912643
chadcel,ours,-0.14912008,-0.10696931,0.7576999,-0.17837381,-0.023462046,-0.19600089,-0.13140197
iois,ours,-0.22595957,2.0847905,0.3647385,-0.24837086,0.111192085,-0.25380763,2.290991
tbh,prior,1.2696,1.3321116,2.5655098,1.6692216,1.3085036,0.6257298,1.6024902
hamstering,ours,1.2130082,2.211878,0.29026237,-0.1235488,1.0784774,0.24665388,0.873189
cuck,prior,2.1784832,1.5026664,1.8870815,-1.0424067,1.5099087,0.74745864,0.47735265
slaying,prior,0.21501848,0.8090515,0.98014593,-0.346458,0.18224753,-0.28285804,0.58490723
personalitycel,ours,-0.07127778,0.037860937,0.72357064,-0.0050184224,0.108645014,0.014146844,0.05844555
simping,ours,1.4882419,0.21696423,0.013611768,-0.26022568,0.06312604,-0.053284705,0.0272948
mentalcels,ours,-0.3392034,-0.26061496,1.6461554,-0.04057787,0.095688105,-0.38259113,-0.245229
fuckhead,prior,0.013740572,0.052615844,0.1411113,-0.01320038,0.20472957,0.18974492,0.033924002
brainlets,ours,-0.11433391,-0.16258244,1.137677,-0.06513179,0.12432086,-0.17209172,-0.13726895
nofap,prior,0.47066802,1.2423584,0.55531067,-0.25421083,-0.12795144,-0.6619549,0.78227437
deered,ours,-0.03700886,0.49184582,-0.0009476533,0.09738185,0.22119033,0.07878225,0.20015718
attack,prior,0.84311515,0.5974081,0.6947146,1.0947547,1.1076735,1.216025,0.30932942
beast,prior,0.5647958,0.96402514,0.28026813,-0.09273273,-0.037866447,-0.2641805,0.1614982
meeks,prior,-0.06536139,-0.1845133,1.1904445,-0.19071029,0.2699883,-0.11307324,-0.0793594
waifu,ours,0.52844214,-0.15465598,1.3021387,-0.18100232,0.45591718,-0.08017373,-0.1498795
gigacope,ours,0.040763978,0.076367274,1.0972229,0.08130787,0.022380712,0.027599357,0.067009605
hitting,prior,0.86117667,1.6923418,0.7266105,0.2762361,0.500215,0.59535617,1.7197323
lifefuel,prior,-0.22046572,-0.27672026,2.0238254,-0.30868787,-0.19938888,-0.48742282,-0.37723264
gangbangs,prior,0.14547762,0.11553473,0.12801303,0.079740375,0.15856566,0.027018668,0.147693
cumdumpster,prior,0.1661654,0.022438735,0.32149434,-0.14665303,0.16622607,-0.021239102,-0.17530729
framecel,prior,-0.30330902,-0.083195336,1.1017705,-0.2426373,0.06074047,-0.3625793,-0.25922835
jawmogs,ours,0.025029147,0.06834235,0.47511587,0.06200877,0.03401565,0.023423849,0.0769665
entrap,prior,0.24740817,0.1258183,-0.047664605,-0.0139604015,0.08534871,0.24608245,0.108964205
gymcels,ours,-0.16628818,-0.10087379,1.4890049,-0.20176004,-0.122397855,-0.33968884,-0.24162486
megacope,ours,-0.014806961,0.03227448,0.32674178,0.042867802,0.06534002,-0.011678863,0.045096654
skanky,prior,0.16072355,0.13567433,-0.029587062,-0.18375334,0.12733811,-0.011889851,0.015463157
tradthots,ours,0.23495574,-0.14177741,-0.009627714,-0.25596598,-0.0690158,-0.12928425,-0.15997982
raping,prior,0.68404925,-0.059767634,0.36994067,-0.71649146,0.677273,1.7034258,-0.5138269
arabcel,ours,0.0013365727,0.033859678,0.4946421,0.06555435,0.07501772,0.015891766,0.027109265
studycelling,ours,0.084707275,0.08483998,0.4501034,0.124525845,0.14337741,-0.014874488,0.010593604
looksmatches,ours,-0.17861141,-0.21355247,0.94003093,-0.22567438,0.051340654,-0.26084998,-0.012549661
chadpreet,ours,-0.154924,-0.21704736,1.122936,-0.17447928,-0.28513882,-0.19304483,-0.17072041
sap,prior,0.5658327,0.24542728,0.0057694167,0.10261684,0.24970569,0.0012481771,-0.1613399
molestation,prior,0.16255939,0.04041274,-0.0052166097,-0.1600267,0.32856596,0.69187707,-0.09397304
haircel,ours,-0.050334677,0.0010297978,0.40293053,0.041748244,0.0071204538,-0.044738047,0.015605384
whore,prior,2.0142105,1.3039569,1.4501501,-0.8164681,1.2153307,0.6310577,0.36130625
ricecel,prior,-0.10689723,-0.21652922,1.5189183,-0.1801258,-0.19065614,-0.23105848,-0.21856263
bitches,prior,2.1461427,2.011976,1.3865206,-0.48268807,1.3209155,0.9930357,1.3044007
attacking,prior,0.2874415,-0.2310214,0.34080866,-0.30003497,0.6345859,1.0008305,-0.5985226
incelselfies,ours,0.10554824,0.14405032,0.8226327,0.14862844,0.12551227,0.11097674,0.15957516
neckcel,ours,0.0020594904,0.03536109,0.626631,0.03791864,-0.02821405,-0.016934054,0.0127945775
bitchass,prior,0.032542683,0.18981475,0.17654097,0.09342546,0.21394095,0.022293653,0.1993003
skinnycel,ours,-0.06991301,-0.017483924,0.46734756,-0.011218071,-0.009654229,-0.079309866,-0.05840229
muslimcels,ours,-0.0056758635,0.035117034,0.26874116,0.049539868,0.042040624,0.011875134,0.04621019
kunt,prior,0.43369287,0.20532468,0.11818217,0.117877245,0.023305457,0.07011452,0.096362196
balls,prior,1.2263668,1.2307904,0.9442989,0.54460454,0.85299295,0.76813155,1.2678055
thots,prior,2.693398,1.3312621,1.4318546,-0.8755041,0.6552829,0.51378447,0.30234224
lookmatch,ours,0.017283464,-0.01338546,0.57782036,0.011373785,0.08840673,-0.010499902,0.017750772
asshat,prior,0.26918328,0.19078875,0.31463635,0.099751905,0.42535686,0.17276463,0.18843177
yw,prior,0.06815526,0.16325848,0.29756364,0.10883982,0.03647952,0.003900807,0.07932585
mew,prior,0.044547535,0.22911027,0.7794642,0.11084677,0.1137157,0.07613289,0.18438399
dumbfuck,prior,0.102877095,-0.04141047,0.23971461,-0.32566264,0.21359701,-0.14787717,-0.24954872
blackops,ours,0.08557343,0.014459664,0.7466949,0.05124735,-0.0075725224,-0.011195248,0.007088265
cucktears,prior,-0.05534866,-0.11825846,1.265352,-0.075336374,-0.004508999,-0.21614815,-0.14601533
mentalcel,prior,-0.27645278,-0.096662275,2.4059606,-0.1706446,0.24298556,-0.5130092,0.011500759
brazilliansigma,ours,0.11178631,0.15679857,1.0547264,0.17031723,0.15239684,0.12737042,0.16954201
legit,prior,1.0462031,0.90868247,1.6339723,0.5148391,1.1462703,0.6625601,0.96191484
uberchad,ours,-0.021700453,0.05471518,0.5818664,-0.029596977,0.24157737,-0.03924022,0.1497496
chadriguez,ours,-0.02229506,-0.01781968,0.4370259,0.0033320328,-0.031603023,-0.053659707,0.03459156
ed,prior,0.02093102,0.27035397,0.18452974,-0.07771802,0.30893216,-0.011238171,-0.17145567
femcels,ours,0.17750391,-0.08808957,2.0536766,-0.07071115,0.38872266,-0.102598965,0.03135468
frauding,ours,-0.070825696,0.04262557,0.73215824,-0.13169457,-0.057951763,-0.14409041,-0.14696866
roosh,ours,0.0791423,0.7848191,-0.10944612,-0.4307863,1.5901399,-0.15762797,0.4811777
uprising,prior,0.15281135,-0.1404254,0.81563616,-0.18265237,0.47683913,-0.046334676,-0.32048613
bimbo,prior,0.62976676,0.31986278,0.35740197,-0.06383434,0.12774308,0.14626595,0.21941426
frauded,ours,-0.05593907,-0.042808503,0.47458255,-0.019808007,-0.023872757,-0.07864794,0.048969958
lardass,prior,0.0628287,0.057931624,0.111310735,0.043977436,0.050409228,0.02209603,0.07739292
youngcel,ours,-0.23841877,-0.23807773,0.60078543,-0.14129305,-0.18724981,-0.24706832,-0.1311186
cucknada,ours,0.23014233,0.062263917,0.13333759,0.07224429,0.085128285,0.0732327,0.010078855
mog,prior,-0.22974473,-0.19642943,2.3576694,-0.20049822,-0.10206279,-0.56247276,-0.13246275
ogrecel,ours,0.014807634,-0.07847303,0.65608233,0.038196705,-0.04126352,-0.036406115,-0.07780026
thugmaxxed,ours,0.107319675,0.145555,0.6914181,0.14911164,0.1257776,0.11094823,0.15262455
stacylite,prior,-0.11508377,-0.011769746,0.32189086,-0.04575909,-0.0077999393,-0.090794556,-0.026586965
gf,prior,1.6273288,2.0729632,2.3302603,1.4416513,1.4694684,0.60411143,1.9881983
golddigger,prior,0.20764142,0.041247025,0.15086062,-0.17135234,0.52828145,-0.08001706,-0.071976155
betamale,prior,0.078712955,0.1153727,0.25840876,0.059255306,0.22731367,0.122690596,0.10900907
looksmaxxing,ours,-0.12714931,0.104854226,1.3669134,-0.13589284,0.06300141,-0.30818155,0.016254533
thugmax,ours,0.09069388,0.13026264,0.806563,0.12628943,0.08980281,0.09231569,0.13312255
landwhales,prior,0.43224302,-0.348332,0.9369072,-0.6418903,-0.26232153,-0.4348762,-0.66891676
negro,prior,0.08247629,0.032666992,0.4664194,-0.116311446,0.079062976,0.09423652,-0.0324488
prettyboy,prior,-0.094385654,-0.04913433,0.7878075,-0.040459704,0.056708522,-0.08634052,-0.051700234
fatcels,ours,-0.01629101,0.12744209,0.9180872,0.11472123,0.12285756,-0.028594106,-0.11956568
instathot,ours,0.16603807,0.07919536,0.07741211,0.07427745,0.028373282,0.1068336,0.09157723
killed,prior,1.252491,1.0529718,1.1792458,1.4086455,1.3178563,1.455563,0.7511266
whitecel,prior,-0.0699044,-0.1258407,1.1512294,-0.075305596,-0.023101935,-0.07359094,-0.06527093
gymcel,prior,-0.22447753,-0.09526107,1.9571139,-0.29135853,-0.16773045,-0.32511693,-0.22652231
spermjack,ours,0.2854714,0.06931398,0.098510206,-0.0041016056,0.30515483,0.06048722,0.08940536
motherfuckers,prior,0.35057318,0.33804217,0.20877543,-0.3570029,0.35876682,-0.2082197,-0.03524388
mogged,ours,-0.17260005,-0.08918412,2.168625,-0.2679125,-0.26506987,-0.45768476,-0.1915627
whamen,ours,0.81606656,-0.032173194,0.2985137,0.0035435108,0.30988622,0.36864275,0.1438897
slag,prior,0.6055148,0.1986047,0.17642373,-0.059804317,0.093486995,0.12483542,0.11260156
neetcel,ours,0.0040133027,-0.034181055,0.44342992,0.06851241,0.17497146,-0.020291913,0.007992102
nuke,prior,0.49170783,0.39114982,0.37746695,-0.061008234,0.24754602,0.1253331,-0.05658807
himtoo,ours,0.2082073,0.020996403,0.032938026,0.038774688,0.06100434,0.45271185,0.01779636
heightpill,ours,0.064538404,0.008070078,0.3991272,-0.023269597,-0.039330143,-0.054030187,-0.07904567
sloots,ours,0.28641596,0.7156556,0.4108843,-0.010791848,0.34905058,-0.016146043,0.34251803
wisnifg,ours,-0.04212797,0.6991827,-0.039421868,0.0242917,0.29341057,0.0023197308,0.11878525
squintmaxxing,ours,0.1006724,0.16826354,0.5543141,0.17015134,0.14413144,0.12160301,0.1528697
poorcels,ours,-0.11565701,-0.09471485,0.7097247,-0.023831714,-0.15158913,-0.18018317,-0.14869735
pj,prior,0.1649097,0.1397416,0.10484243,0.14788122,0.13911939,0.2470314,0.14771965
nigger,prior,0.05921413,-0.10214081,0.6157622,-0.3178247,0.11670854,-0.09483868,-0.35351115
failure,prior,0.95734316,1.3976555,1.1800625,2.2466867,0.6197956,0.8416627,1.0214577
looksmaxx,prior,-0.20114876,-0.17506567,1.1023953,-0.17678958,-0.36442292,-0.3109256,-0.1743283
ethniccels,ours,-0.18551739,-0.12394646,0.7127107,-0.09805864,0.109160565,-0.12461876,-0.045836896
lowiqcels,ours,-0.085512534,-0.051286843,0.853736,-0.048991986,-0.030802019,-0.113714844,-0.029598258
trufemcel,ours,0.13222452,0.14392334,0.3695381,0.14186448,0.16373245,0.12269823,0.14328581
subhumanity,ours,-0.10723109,-0.10687782,0.6946989,0.01584542,-0.0371986,-0.16155139,-0.13058287
gymmaxxed,ours,0.10013056,0.13890724,0.6552282,0.1366859,0.08821808,0.09917591,0.14404207
coochie,prior,0.4803246,0.25824514,0.59294885,0.19098423,0.14316778,0.1614985,0.08599182
oblige,prior,0.16540977,0.24603888,0.06518111,0.040384322,0.15860052,0.058104843,0.18151827
yankee,prior,0.19484651,0.09843286,0.2900275,0.100848906,0.24883336,0.1007641,0.0055122077
trpers,ours,0.11442982,0.8633563,0.16428103,-0.074058704,1.7734668,0.2239061,0.56423753
chadsexual,ours,-0.03956729,0.0027460344,0.4840324,0.011191343,0.076629415,-0.03502817,-0.01822118
amalt,prior,0.26114732,0.4681791,0.014951987,-0.12700203,0.5396982,0.14928272,0.11284652
inceltear,ours,-0.066336274,-0.11696701,0.43634677,-0.07619565,0.085490525,-0.074154615,-0.06800423
shittests,prior,-0.07088018,0.6623533,-0.06921371,-0.048156343,0.12125464,-0.14756127,0.6043334
bomb,prior,0.45821196,0.53543925,0.12805423,-0.23919758,0.14501406,0.033483073,0.06675249
mmslp,ours,-0.014621143,0.49341613,-0.005360959,0.040991504,0.21451284,0.046369493,0.12670621
punch,prior,0.6578738,0.4705801,0.2741894,0.2382528,0.16062714,0.5378466,-0.06615951
infiltrate,prior,0.38586718,0.020090148,-0.0067756604,-0.29225755,0.18722768,0.14504102,-0.10585915
lolita,prior,0.048193313,0.17237711,0.17039686,0.06641946,0.36067626,0.00030211516,0.044828597
blooper,prior,0.2698477,0.60778576,0.20494479,0.13393925,0.5509142,0.11620312,0.22770344
abused,prior,1.0995232,0.37974286,0.62518877,0.6477316,1.2448595,1.9270515,-0.56175166
lesbcel,ours,0.061424367,0.09872698,0.23212075,0.12370346,0.11120084,0.070061736,0.11022881
looksism,ours,-0.028547175,-0.023155613,0.32401323,-0.0041773524,0.12113017,-0.01877835,-0.03127461
terachad,ours,0.048556365,0.12354597,0.37121883,0.122906186,0.107011005,0.009043677,0.055176847
gaycels,ours,-0.1397916,-0.10456613,0.8246777,-0.08161704,-0.07791248,-0.15958653,-0.030401362
hambeast,ours,0.6147733,0.41299272,0.6564555,-0.087883964,0.17356813,0.14823018,0.12994446
bluepill,prior,0.8831706,1.4766295,0.8611922,-0.38485742,0.9493166,-0.2941903,0.2754609
looksmatching,ours,-0.07877684,-0.030759346,0.88345915,-0.059599,0.10428568,-0.05959245,0.13676044
chincel,ours,-0.11481641,-0.0843953,0.47196615,-0.113571525,0.00064827036,-0.14856581,-0.033970434
escortceling,ours,-0.007764432,-0.03400612,0.47644082,0.06315703,0.1258357,-0.034085236,-0.0044452655
thotaudit,ours,0.15999979,0.15664051,0.13065302,0.1697623,0.15236607,0.12547006,0.16917533
kissless,prior,-0.24000582,0.34692222,1.5216488,0.06534537,0.17692773,-0.27791443,0.8798159
gymmaxx,ours,0.09763575,0.13617904,0.9573468,0.13444336,0.09886404,0.10011068,0.14098322
dogcel,ours,-0.052575976,-0.064057,1.3013765,-0.042095132,0.08802366,-0.10548922,-0.03028121
parasite,prior,0.8323175,0.020147897,-0.12563662,-0.01928998,0.04130621,0.11171469,-0.73776567
slit,prior,-0.2101033,-0.30509183,0.20566802,0.5377832,0.13996947,-0.21086612,-0.37151334
chadlike,ours,0.019465836,0.065125085,0.23585317,0.0877158,0.07137667,0.032248095,0.061299168
ldaring,ours,-0.26535115,-0.30453366,1.2044353,-0.23534468,-0.2616912,-0.38082016,-0.43625918
jbw,prior,0.079962134,-0.0053828727,1.7280579,0.0027936434,-0.05881535,-0.10395223,0.017888214
truefemcels,ours,0.03498717,0.07574681,0.6904135,0.071741275,0.040212765,0.046928804,0.13813391
hypergamous,ours,0.9467144,1.2066418,0.7836687,-0.60240704,0.8847585,-0.23920135,0.0765669
thundercock,ours,0.5851814,0.7980204,0.14181976,-0.43673024,0.31110495,-0.17446508,0.37715185
lanklet,prior,-0.20079167,-0.022729365,0.6878769,-0.17175555,0.034413956,-0.23190258,-0.1552845
normfags,ours,-0.09787147,-0.10765101,0.34585905,-0.058997937,0.006604865,-0.13191758,-0.0839969
asiancels,ours,0.0045973724,0.031584054,0.53524846,0.037729267,0.04677013,-0.0069624195,0.017762553
bf,prior,1.0308796,1.77102,1.7704706,0.9521902,0.43597707,0.16565815,1.873493
ldars,ours,0.05319537,0.105048776,0.3676858,0.08895436,0.11165182,0.02242548,0.059813287
betabuxxing,ours,-0.06747508,-0.12489531,0.9762105,-0.1741442,-0.05371781,-0.26973146,-0.20527342
uggocel,ours,0.038708534,0.07599283,1.0001123,0.1062293,0.07830633,0.07098246,0.115555175
rmv,prior,0.15909903,0.72427547,0.02538369,-0.06451996,0.61106193,0.016372452,0.2624969
gun,prior,0.48513275,0.14643009,0.15942216,0.7226948,0.26194885,0.78000283,-0.16589044
inkel,ours,0.111401126,0.1564725,1.2330791,0.16782491,0.14959823,0.12269001,0.16915287
horseface,prior,0.23234245,0.100728825,0.10314903,0.09422386,0.0607806,0.058014393,0.10695377
shitskin,prior,0.003836576,-0.032888755,0.5946633,0.06669121,0.044083375,-0.039663218,-0.11647253
cuckery,ours,0.9416617,0.007004071,0.54532886,-0.46945792,-0.23795491,-0.12649131,-0.41472933
nosecel,ours,-0.12232397,-0.14035295,0.55027163,-0.06897277,-0.14902174,-0.14875773,-0.10593716
lazycel,ours,-0.03805249,-0.015052667,0.38846627,0.013867469,-0.014474198,-0.035318922,0.009190758
inceldom,ours,0.35545713,0.100227825,2.3152516,0.12100238,0.96849084,0.010800283,0.45100883
wanker,prior,0.14920062,0.4235228,0.13626075,-0.03589369,0.54538155,0.19873945,0.36266756
nawalts,ours,0.82339245,0.11020301,-0.01326835,-0.2923888,0.16941074,-0.105471805,-0.3237026
stacies,prior,-0.019036725,-0.08221528,2.0500677,-0.15438905,0.44198194,-0.1771241,-0.09491442
ec,prior,0.079271935,1.018772,-0.042917065,0.030524459,0.56943315,0.15853098,0.4353241
mogger,ours,-0.010915589,0.025787013,0.5109681,0.051929988,0.041962,6.96E-05,0.03308204
iod,prior,-0.013707048,0.36313045,0.022666119,0.051502064,-0.012229331,0.042955764,0.6094607
chadlet,prior,-0.16193241,-0.16073835,0.65380806,-0.020898176,-0.12779938,-0.17710194,-0.10774094
kike,prior,0.16520768,0.08924457,0.46032205,0.11542122,0.22234239,0.22872873,0.07103593
conquer,prior,0.26072675,0.81830275,0.12766644,-0.012664101,-0.1726273,-0.055235162,0.3481805
pound,prior,0.3636894,0.55166817,0.020385526,-0.8550917,-0.23651354,0.24459893,-0.15131277
gymmax,ours,0.06458525,0.10292226,0.6426668,0.10295156,0.0693808,0.067742914,0.11090178
looksmaxxed,ours,-0.2936551,-0.14132082,1.0166596,-0.22091666,-0.17232017,-0.2549119,-0.037285104
racepill,ours,-0.21772937,-0.2630922,0.7507061,-0.20561513,-0.13315068,-0.17272131,-0.2005499
kinoing,ours,0.03853242,0.45883363,0.10042474,0.096047364,0.08771949,0.028692562,0.7673925
dickcel,ours,-0.2195228,-0.11556578,0.95068216,-0.12589404,-0.17147996,-0.350682,-0.1634972
slap,prior,0.72863555,0.4051074,-0.07026992,-0.23186104,0.19608647,0.89808095,0.012698958
feminazis,prior,0.58709294,-0.21005046,-0.1643319,-0.71859103,0.4511066,0.6016084,-0.7283745
wymyns,ours,0.25916582,0.051403157,0.068437956,0.06968941,0.20920083,0.16692959,0.066205546
fb,prior,0.9834771,0.8115285,0.6164445,-0.006595893,0.2698679,0.25865993,1.0666744
autismcels,ours,0.04449817,0.026030416,0.39489874,0.041472476,0.18375376,0.0045014713,0.06544702
fucktard,prior,-0.023459947,-0.08504978,0.25020555,-0.27017298,0.069585845,-0.17106746,-0.23292638
nct,prior,-0.15633628,-0.11314366,0.78752244,-0.074117996,-0.24719101,-0.22019044,-0.0272969
incelhalla,ours,0.065909795,0.030071186,0.7771294,0.070119224,-0.035148006,-0.06096635,0.021422008
aoc,prior,0.046441134,0.0902068,0.14870626,-0.06334608,0.34103018,0.5895969,0.09676803
blackpills,ours,-0.18124455,-0.27678034,1.6295453,-0.16050172,0.098633386,-0.44199148,-0.31628653
dht,prior,0.11248538,0.5410523,0.41569042,-0.009206511,-0.02551418,0.009905845,0.024010878
weebcel,ours,-0.04278894,-0.00465116,0.56259626,0.035172775,0.11718238,-0.021011215,-0.0015896196
suppress,prior,0.20647979,0.3750676,0.44747117,0.38863042,0.3166019,0.4132064,0.23378035
fugly,prior,0.37311628,0.1281349,0.5828295,-0.29413924,0.06469255,-0.264074,0.08429283
intimidate,prior,-0.07092102,0.13875519,0.1403694,-0.3006761,0.12604596,0.1453883,0.12752116
destroy,prior,1.1449828,0.45567545,0.1158496,0.5116172,0.37233734,0.8917377,-0.5248177
blackcels,ours,-0.23736642,-0.21262646,1.0284452,-0.26094615,-0.05306406,-0.2578698,-0.24623536
trper,ours,0.005934622,0.47427133,0.04512814,-0.0798089,0.71437126,-0.03755849,0.2090664
hamster,prior,1.2620441,1.9047824,-0.14771271,-0.23298332,0.9357013,0.20353141,0.88690466
oneitis,prior,1.1526756,3.2160378,1.103806,0.18774,1.2561427,-0.15736493,2.4423494
co,prior,0.49122944,0.7521545,0.3525059,0.4790691,0.49750307,0.17693451,0.6265202
ldar,prior,0.091761015,-0.12615621,2.140667,-0.0115482835,0.27094075,-0.32348365,-0.24282916
destroyed,prior,1.2862998,0.43090242,0.5489812,0.40315244,0.52185786,0.7211599,-0.7649588
weapon,prior,0.51953125,0.18792804,-0.04200169,-0.3231421,0.17952153,0.78485054,-0.0744077
rostie,ours,0.07459962,0.011560444,0.46750176,0.051768947,0.24509466,0.077931985,0.13750438
banging,prior,1.145659,1.8042378,0.7123746,-0.58445084,0.7041742,-0.33799434,1.5706289
peacocking,ours,-0.0005564047,0.29644057,-0.05757352,-0.25022328,0.100738734,-0.32812414,0.49285334
braincels,ours,0.1525363,-0.087574385,2.7178028,-0.19097266,1.5525923,-0.020121772,-0.02052173
framemogs,ours,-0.07176418,0.04169904,0.6073368,-0.013148736,0.06724256,-0.03450157,0.0019323821
hurt,prior,1.7403138,1.9120958,1.7798219,2.7317452,1.9029629,1.803576,1.7818079
facecels,ours,-0.057523955,-0.032720968,0.37481755,-0.016455602,0.10655879,-0.044499304,-0.0013799557
at,prior,-0.25823352,-0.27797893,-0.17165875,-0.06302399,-0.101371706,-0.034510344,0.00082769245
cuckcels,ours,0.0014302282,-0.05514214,0.71278155,-0.01597578,0.11485116,-0.023788366,-0.018786963
brocel,ours,-0.07000239,-0.018570304,0.4927008,0.03377121,0.109630674,-0.113775894,-0.034134723
statusmax,prior,0.0955929,0.17814834,0.65896785,0.10406387,0.14849642,0.062395316,0.108504
btfo,prior,0.057192855,-0.13094227,1.1028123,-0.30429527,-0.08053496,-0.22231472,-0.3059732
gynocentrist,ours,0.27227896,0.06888465,0.08289058,0.08138459,0.2787603,0.21574116,0.052185614
fuckup,prior,-0.17081581,0.10882247,-0.023577318,0.0944448,-0.059273023,-0.35374942,0.0620139
poon,prior,0.19002667,0.459572,0.19076234,-0.36287895,-0.16745585,-0.1735903,0.33867118
trapmaxxing,ours,0.11033998,0.15221797,0.63691485,0.1579667,0.14262381,0.13048926,0.16908793
ho,prior,0.93982244,0.6033495,0.11202943,-0.5249666,0.20893614,-0.021948908,0.22919692
dipshit,prior,0.42046487,0.26666978,0.543793,-0.10704474,0.36149654,0.059607815,-0.12111972
inzels,ours,0.10105833,0.13337304,0.38072622,0.1392991,0.12807317,0.09272263,0.13970482
compel,prior,0.16216536,0.1106801,0.12992315,-0.070725046,0.30809307,0.23293266,0.038559884
femcel,ours,-0.03942263,-0.36214632,1.6813817,-0.26428145,0.16600859,-0.29962382,-0.272433
ab,prior,0.23984858,0.6893262,0.28166306,0.04052107,0.18087569,0.22326617,0.37805194
molest,prior,0.18144916,-0.10016233,0.1395713,-0.16012606,0.2904638,0.466329,-0.097752355
hypergamy,prior,2.1275496,2.206949,1.3319888,-0.5855101,1.8896934,0.87539554,0.96270615
blackpiller,ours,-0.104371466,-0.07982966,0.08170834,-0.08360073,0.07044336,-0.1539733,-0.0887343
dumb,prior,2.085793,1.8172122,1.9836584,1.6023399,2.1074073,1.9097419,1.6227133
theredpill,ours,0.4809435,1.2771298,0.23818946,-0.16264999,0.82099235,0.09219589,0.5987647
ricel,ours,0.03834938,0.07083334,0.29561695,0.09078148,0.068731025,0.05367602,0.061839595
ltr,prior,1.4634409,3.2729712,0.80349207,0.20437661,1.2373155,0.34551656,2.4561105
lmr,prior,-0.23412861,1.4106363,-0.20843798,-0.24424867,0.5339733,-0.23139025,1.2855927
sluts,prior,1.7366797,1.6094525,1.536173,-0.69530815,1.6752648,0.44115868,1.1218631
femsplaining,ours,0.12836419,0.056097247,0.029085845,0.024004154,0.2696378,0.38057205,0.09726599
smp,prior,0.14043164,1.1611717,0.021986164,-0.19087414,0.44864503,-0.09685014,0.38036814
reeee,prior,0.35572675,-0.16938084,0.9297088,-0.16434996,0.43767628,0.09757261,-0.34279865
assault,prior,1.0788399,0.3390976,0.28372264,-0.14725605,1.0225791,2.171819,0.04634224
foreveralone,prior,0.10671286,-0.19448283,1.4545275,0.23622362,0.98923516,-0.063200966,0.3772934
poetcel,ours,-0.008640529,0.032379884,0.40942004,0.048154667,0.038348842,-0.0031286436,0.02648397
trucel,ours,-0.22876333,-0.19348305,1.2537398,-0.1780673,-0.2867818,-0.31651655,-0.13097116
pussypass,ours,0.45848593,-0.4067682,-0.2977679,-0.46215338,0.1920164,0.70420694,-0.3554932
ngl,prior,-0.17730919,-0.103633516,0.9777676,0.12915687,0.14800368,-0.2672098,-0.046972398
ons,prior,0.30237332,1.617716,0.42077252,-0.37539613,0.4737889,-0.18399574,1.2516983
poorcel,ours,-0.14609969,-0.16578865,0.6842542,-0.19391659,-0.2843167,-0.29956734,-0.19416335
wizard,prior,0.17414144,0.035811573,0.6296181,0.071440436,0.1423517,-0.025602613,0.12088922
simps,prior,2.5760293,0.6736161,0.72575027,-0.6844808,0.60646003,0.3104588,-0.13401563
douche,prior,0.2781995,0.4720889,0.42158562,-0.11703849,0.65038764,0.10761024,0.6469805
butterface,prior,0.041063424,0.19111864,0.14097814,-0.19090651,0.036000937,-0.09656033,0.1379834
asswipe,prior,0.18360285,0.10632842,0.24247533,-0.0035474878,0.22207363,0.11099457,0.21084866
dickless,prior,0.10919121,0.03741346,0.23139517,0.018847175,0.19435385,0.20334989,0.022743504
mghow,ours,0.5564453,-0.04229916,-0.1426612,-0.13892736,-0.06292782,-0.012704893,-0.21652272
twats,prior,0.45162937,-0.06556923,0.36951983,0.017473824,0.36540318,0.47967064,-0.03302108
slay,prior,-0.10851887,0.70545495,1.1635923,-0.8575627,-0.30191043,-0.46282002,0.1955029
hoodrat,prior,0.2683682,0.14774327,0.07845137,-0.033441324,0.114057675,0.06986674,0.16967212
terper,prior,0.10222491,0.23228642,0.11367829,0.07685923,1.3874114,0.16851962,0.06283886
birdcel,prior,-0.0015712661,0.03131378,0.7001065,0.046341352,0.04432394,-0.0047858637,0.04521786
mayocel,ours,0.10258526,0.13088173,0.6433463,0.13081539,0.06862527,0.09566372,0.124463975
ethnicel,prior,-0.20900682,-0.23954976,0.73862046,-0.19964841,-0.16815332,-0.21853973,-0.14387563
fuckit,prior,0.18080957,0.24205595,0.058363017,0.13787094,0.30717757,0.09956153,0.5641806
pedocels,ours,0.04762233,0.08524048,0.3673563,0.11510519,0.09272371,0.06166854,0.09412526
mogging,ours,-0.078948796,-0.0925852,1.3716753,-0.21759464,-0.116792895,-0.25532424,-0.09355297
altrightcels,ours,0.02320841,-0.0259401,0.75702757,0.05233911,0.050097883,0.05244266,-0.0072277426
cock,prior,1.526658,1.2916424,1.21269,-0.6544886,1.0604906,0.37446487,0.6375579
wk,prior,0.2646863,0.40408504,0.040484127,-0.038061593,0.0772347,-0.10067704,0.13240828
incelism,ours,-0.101758786,-0.05776342,0.42372555,-0.07003213,0.12577723,-0.045882646,-0.056506634
cutecel,ours,-0.16515096,-0.08205348,0.7885553,-0.13273151,-0.1710228,-0.16805439,-0.10913137
menace,prior,0.30416363,0.069894776,0.18344505,0.064439245,0.23947188,0.18702936,0.07058394
wagecel,prior,0.058560695,0.017067604,0.6443787,0.102917835,0.118472956,0.16617078,-0.04752089
extort,prior,0.437109,-0.06926118,-0.024263475,-0.15336029,0.13013205,0.2748225,-0.08899542
shittesting,ours,0.24308762,0.39438456,0.12889744,0.11159221,0.17815977,0.022368316,0.45214263
facemog,ours,-0.038429696,0.060645264,0.37251693,0.027816558,-0.00027368538,-0.012282129,0.08822285
incels,ours,1.6108117,1.1570548,2.5999494,0.15236135,2.4449477,1.4371325,1.0697042
bid,prior,0.4055648,0.43856367,0.40793845,0.2517623,0.44338316,0.3395872,0.43252635
gangbanged,prior,0.14600168,0.25267965,0.22310363,-0.30626872,-0.06075675,-0.19954279,-0.11411418
blackpillers,ours,-0.08826447,-0.030770931,0.36373016,-0.1265709,0.29476225,-0.17590536,-0.08910655
uglycels,ours,-0.07655953,-0.09508506,0.3548488,-0.0733406,0.046642203,-0.080124885,-0.03169807
malecels,ours,-0.040103443,0.027352776,0.8814135,0.042880755,0.16682477,-0.022494592,0.029037913
tbp,prior,0.091270536,0.42021284,0.12996458,0.022936031,1.2188835,0.06691745,0.10485526
nutsack,prior,0.039492182,0.11557692,0.1798691,0.062971175,0.38409397,0.1254414,0.10678387
titty,prior,0.4144758,-0.012019224,0.14152783,-0.42259035,0.15094918,0.0011689663,-0.15403764
rsdmax,ours,-0.034239974,0.4074841,0.013442638,-0.025836289,0.00013104035,-0.007450076,1.1642425
roidcel,ours,-0.083183244,0.06497208,0.3315477,-0.003450835,0.035049252,-0.0644967,0.088809684
hate,prior,0.62709093,0.51611215,0.77943784,1.0620426,0.9576525,0.8803498,0.6571791
slut,prior,1.6692706,1.8043545,1.3500569,-0.64374495,1.6097152,1.0671694,1.3045441
trapmaxx,ours,0.08390728,0.120523304,0.48395592,0.12129096,0.14370824,0.08540291,0.13120389
boobies,prior,0.30853513,0.36655992,0.21114287,0.11027967,0.29417643,0.23220664,0.22080074
incel,prior,1.3166175,0.90682644,2.2687783,-0.16629262,1.9950559,0.9694943,0.8870238
tradcuck,ours,0.8218852,-0.06335576,-0.07088857,-0.27966523,0.33375025,0.048646804,-0.30515462
cuckcel,ours,-0.078341365,-0.016586367,0.68831587,-0.078165546,-0.10131015,-0.11637388,-0.08983233
blackpillscience,ours,-0.014715487,-0.011663722,0.48179737,0.012301042,0.36034447,-0.018636834,0.019903628
tallfags,prior,-0.050555296,-0.007549486,0.7261008,0.0012199308,0.025827143,-0.07366673,-0.018536486
oneities,ours,0.0725093,0.47937706,0.077979594,0.09823123,0.060202487,0.051741343,0.53622866
retardcels,ours,-0.044520784,-0.009484544,0.41487586,0.0017740894,0.016164787,-0.048239734,0.01134172
dickcels,ours,-0.24407439,-0.20691206,0.8936732,-0.2429457,-0.23711565,-0.29777646,-0.1454733
autismcel,ours,0.005363167,-0.0037666713,0.35049015,0.00371025,0.029381465,-0.047282945,-0.025428945
chadcels,ours,-0.098809905,-0.05623901,0.43161815,-0.06462115,-0.11718493,-0.11735275,-0.06317029
beta,prior,2.3353317,2.909132,1.9181633,0.24727972,2.178786,1.3059142,2.170605
simpish,ours,0.45628113,0.25559098,0.18128921,0.22543639,0.29047284,0.2097486,0.21028717
bloop,prior,-0.08338775,0.052427534,-0.1125017,-0.19066903,0.30620298,-0.10400144,-0.06839465
wymyn,ours,1.0704956,-0.013736138,0.38828948,-0.24029873,0.12199807,0.03670267,-0.12734619
incellah,ours,-0.02695452,-0.0153926015,0.48053476,0.028070046,0.06236382,-0.028762579,0.018134527
blackpillcentral,ours,0.1115791,0.15647367,0.3111807,0.16870238,0.14942545,0.12288964,0.1691088
sandcels,ours,-0.08477742,-0.06581968,0.39450118,-0.113960296,-0.086829886,-0.08484619,-0.086620964
puss,prior,0.698788,0.7063845,0.68260324,-0.1550277,0.30074692,-0.035856802,0.40047014
purplepilldebate,ours,0.052775647,0.26678944,0.09161651,-0.01287701,0.6113831,0.21099637,0.039894354
braincel,ours,-0.2115115,-0.41191727,1.0152446,-0.36395338,-0.020487744,-0.27447894,-0.3535319
incelz,ours,0.09083566,0.11959693,0.55002785,0.11737953,0.06795186,0.082967244,0.13466854
redpiller,ours,0.1586282,0.6858846,0.30123237,-0.10901204,1.5434554,-0.008012466,0.23677011
acnecel,ours,-0.016623449,0.08251095,0.44349852,0.104228824,0.057572138,0.044031795,0.020233903
framemog,ours,-0.07255793,0.040662173,0.39727873,0.0055845436,0.063913375,-0.02983339,0.07372761
oldcels,ours,-0.09144319,-0.087048166,0.8709769,-0.07491689,-0.076728456,-0.122802734,-0.06925642
wahmyn,ours,0.75675654,0.10876338,0.06316331,0.002903041,-0.018888336,0.04254077,-0.015035277
ethnicels,ours,0.0118865,-0.061288077,0.8328496,-0.0486565,0.06079678,-0.04025936,-0.05268552
hos,prior,0.50253695,0.32539648,0.15851197,-0.12943588,0.32921726,0.2277098,0.25637263
dt,prior,0.0611459,0.17479064,0.13866173,0.096101634,0.16640025,0.12126928,0.19267672
zyzz,prior,0.13731207,0.4319926,0.920594,-0.015497159,0.054044984,-0.015308397,0.1382992
statusmaxx,ours,-0.10281606,-0.10387282,0.66253614,-0.10286391,-0.12339441,-0.15810992,-0.12019799
gymcelled,ours,-0.16484532,-0.1038835,0.7146893,-0.14002472,-0.007818751,-0.27924448,-0.16597499
lms,prior,0.19218875,0.18116309,0.6745587,-0.2565734,0.32441992,-0.036191605,0.1407579
alpha,prior,2.183968,3.0042849,1.8875833,-0.0602619,2.2399912,1.0882866,2.3762436
nazicels,ours,0.011636709,0.033767365,0.388129,0.06339827,0.119706094,0.022031853,0.03460645
stemcels,ours,-0.042135444,-0.039987687,0.82935053,-0.024602415,0.07318713,-0.0833658,-0.020956304
trannies,prior,0.5163552,-0.05738705,0.8230242,-0.34631643,0.35328364,0.05189751,-0.27661374
tallfag,prior,-0.023078157,0.00015215017,0.65407634,0.016743274,0.0065089734,-0.053692844,-0.011290754
retarded,prior,1.4894323,1.0806804,1.8835765,0.1349751,1.5828545,1.0415319,0.5657349
heightism,prior,-0.096273035,-0.14409703,0.70555633,-0.15097287,-0.057751726,-0.12076935,-0.10126625
retardcel,ours,-0.1690162,0.03267982,1.082516,-0.0947576,-0.06263675,-0.19060317,-0.2868852
hole,prior,1.0443082,0.80722696,0.9535669,1.197354,0.6405653,0.57266307,0.40507075
afc,prior,-0.026267668,0.90904295,-0.03374511,-0.121510416,0.19065137,-0.14268388,0.9697918
manletism,ours,-0.036746927,-0.037068672,0.52728635,0.024029965,-0.041555494,-0.072002955,-0.049033493
chadpreets,ours,-0.08563827,-0.08200499,0.5573788,-0.054043714,-0.117452905,-0.12863821,-0.058517437
gigastacy,ours,-0.020725882,-0.054664664,0.72450167,-0.044843823,-0.030448698,-0.09599951,0.0928982
gtow,ours,1.3439397,-0.06899962,-0.123142585,-0.2588405,0.31068394,0.16906421,-0.30298924
jock,prior,-0.04936123,0.17139731,0.6966814,-0.45067057,0.27268624,0.0012395452,0.090976
fuckfest,prior,0.114316225,0.43104273,0.28173214,0.0074026515,0.07586901,-0.025407987,0.31261414
unmoggable,ours,-0.025929734,-0.011252755,0.5139903,-0.0025805242,-0.08051035,-0.07299624,0.042839643
fucka,prior,0.26417413,0.24047747,0.17191222,0.15363117,0.2816405,0.21465787,0.28375453
wasp,prior,0.18208891,0.17355672,0.14914069,-0.06299814,0.17715998,0.09794139,0.0045551965
personalitymaxx,ours,-0.090512305,-0.04791402,0.38293573,-0.007753802,-0.004314532,-0.087429434,-0.012016825
dicklets,ours,-0.072536804,0.054260142,0.57133424,-0.1416391,0.17258933,-0.13101289,-0.056689736
faggot,prior,0.553683,1.142027,1.6170796,-0.37494048,0.77966,-0.013112795,0.039308783
wound,prior,0.25017613,0.28762743,0.18706329,0.23991193,0.084083155,0.2387874,-0.22101364
sa,prior,0.10999379,0.083494395,0.5561542,1.605147,-0.10415542,0.08582161,0.93543434
asktrp,ours,0.15869765,2.3248441,-0.13324311,-0.13629353,0.81856126,-0.06891616,1.578346
fag,prior,0.43932667,0.61137736,1.2598454,-0.46532777,0.44829896,0.052366946,0.01754165
stacy,prior,0.6098814,0.17014332,2.5847838,-0.0020397205,0.70077413,-0.096280836,0.21202269
pussy,prior,1.9648377,2.101481,1.6591519,1.0304536,1.7235603,1.464924,1.7801827
laycount,ours,0.03074237,0.2564202,0.1905124,-0.0009885111,0.07619927,-0.007014539,0.3584561
vonmagnar,ours,0.0587848,0.089215465,0.292656,0.019420996,0.022096181,0.0637058,0.008161492
heightmogging,ours,0.0107284635,0.05813885,0.33062333,0.079779826,0.11515146,0.013064595,0.081677005
amog,prior,-0.08334399,1.4607334,0.06366149,0.0064479373,0.4767159,-0.11927256,1.2127281
fuckbuddy,prior,0.080647305,0.84373504,0.27523187,0.06394943,0.25641587,-0.019137794,0.82438445
gigachad,prior,-0.08476198,-0.14737143,1.702416,-0.24174678,0.074272394,-0.35390687,-0.235376
youngcels,ours,-0.24084364,-0.19260058,0.73375493,-0.17323554,-0.1931295,-0.2768017,-0.24487306
permavirgin,prior,-0.015151387,-0.04609973,0.52167475,0.15052903,0.28667986,-0.086372435,0.06000863
chadfishing,ours,-0.014430055,0.008446982,0.9718186,0.019451756,0.110421754,-0.04635961,0.07323231
cutecels,ours,-0.08545259,-0.05915893,0.3980447,-0.013718227,0.07508332,-0.08627438,-0.0070745163
beckys,prior,-0.051927347,-0.00848926,0.75286955,0.014728063,0.13303222,0.02510804,0.10110649
looksmax,prior,-0.09475121,0.19298233,1.49627,-0.1266338,-0.0018339176,-0.2536512,0.010390542
bint,prior,0.345514,0.13861261,0.12561579,0.106108256,0.14715175,0.22917552,0.03480557
rp,prior,1.5579449,3.2859776,0.5648888,-0.032240503,2.1504986,0.745227,1.9028866
tyrone,prior,1.2709796,0.1356565,1.5689363,-1.0079745,0.23888338,-0.28694504,-0.69818604
female,prior,1.6959734,1.4346848,1.4505502,0.66951644,1.9096988,1.9461644,1.3475324
whamyn,ours,0.305495,0.18819657,0.20995718,0.13828225,0.5730095,0.30428556,0.30686563
pillers,ours,0.46838918,0.423388,-0.10647573,-0.6846647,1.2592697,-0.19334489,-0.14438663
femoids,prior,0.325701,0.058075204,2.298335,-0.050652824,1.0507957,0.027285885,-0.052473493
birds,prior,0.27779514,0.3416501,0.21011925,0.17723626,0.18986495,0.028223813,0.23122984
beat,prior,1.4558964,1.3708395,1.2298577,1.4542128,1.1663938,1.3389242,1.082088
botcel,ours,0.06612569,0.10141391,0.71024024,0.1340171,0.1497264,0.08750837,0.123120666
numales,prior,0.06678875,-0.17346855,1.524571,-0.29384616,0.055724166,-0.26045808,-0.37703204
nw,prior,0.14741333,0.16022396,0.4646545,0.13215388,0.13017596,0.05846852,0.14892295
pof,prior,0.31788152,0.09148844,0.53972065,0.004888206,0.2654411,-0.26389128,0.49516588
fakecel,prior,0.024798218,-0.07203597,2.137883,-0.05401126,0.122926176,-0.24967316,-0.1767146
af,prior,1.3029155,1.4259021,1.9592297,0.45644823,0.7683363,-0.04914413,1.112875
raped,prior,1.6625495,0.791374,0.9187864,0.010417723,1.7585857,2.2485616,-0.02156784
awalts,ours,0.66541743,0.053423196,-0.06126505,-0.021898547,0.09234259,-0.0769906,-0.17664744
nigga,prior,0.63385004,0.35635605,1.4117798,-0.4163805,-0.34048304,-0.13724603,0.10101589
sandcel,ours,-0.07591901,-0.15012267,0.5479963,-0.072947405,0.0566474,-0.10433988,-0.13487473
twat,prior,0.6361071,0.16186586,0.09727207,-0.013403211,0.67778724,0.32839236,-0.0721305
manlets,ours,0.091896996,-0.051185504,2.273382,-0.17249195,0.22801973,-0.21816686,-0.270467
femtards,ours,0.31359568,0.1178623,0.19322984,0.07039525,0.22205678,0.18437053,0.0049127056
heightmogs,ours,0.0029338088,-0.020412283,0.5538614,0.05874486,-0.06154493,-0.00844047,0.053093635
chaddam,ours,-0.033177607,-0.031156238,0.729675,-0.09183651,0.14048874,-0.123419106,-0.050742432
wurstie,ours,0.034028515,0.06422814,0.252761,0.09390364,0.07935978,0.04520878,0.0770392
zyros,ours,-0.20950478,-0.20725878,0.5511193,-0.13376847,-0.1676306,-0.21008313,-0.16685699
jfl,prior,0.40362582,0.25460747,2.8709588,0.055382248,0.59635895,-0.021936992,0.021986198
threaten,prior,0.2153748,0.27783823,-0.08708304,-0.3417569,0.089706115,0.69007385,-0.2640459
chadlets,ours,-0.11129817,-0.08061802,0.46916646,-0.1235858,0.13515526,-0.13455188,-0.06628196
spermjacked,ours,0.27379897,0.123166494,0.008804734,-0.003065809,0.10417515,0.06291823,0.06788729
ascend,prior,0.09599802,0.2127145,2.218624,0.030033285,-0.04074839,-0.34229478,-0.056507498
skullcel,prior,-0.04825981,-0.029809803,0.39808783,0.009354059,-0.014746385,-0.048635755,-0.002877011
thrust,prior,0.07486808,0.1787775,0.20172343,-0.0032625485,-0.030493807,0.26646727,0.110120445
grab,prior,0.43127567,0.8733906,-0.094913945,-0.18030483,-0.45903936,-0.054929677,1.2308834
wymen,ours,0.522365,-0.051065717,0.1166839,-0.09248327,-0.029462464,0.12673962,-0.16061562
mstow,ours,0.042242445,-0.07386332,0.5793132,-0.10872586,-0.052103262,-0.16405939,-0.15851952
soycucks,ours,0.13370377,0.067565575,0.45311847,0.04217924,0.017890705,0.010399137,0.07128139
rpers,ours,0.04408909,0.48021403,0.17562588,0.094698735,0.38301578,0.17124611,0.39139843
whitey,prior,0.34782875,-0.043698706,0.53939635,0.02590593,0.28544804,0.18421033,0.009627776
gigachads,prior,-0.0930763,-0.12625554,1.2338793,-0.17961517,0.1609018,-0.16858773,-0.1562545
askmrp,ours,0.022707097,0.8094516,-0.09091789,-0.027708428,0.5458547,0.05675756,0.13932765
truecel,prior,-0.15146734,-0.03892304,2.0714233,-0.08359017,0.10568795,-0.27952135,-0.22445783
cutting,prior,0.21808742,0.5598509,0.48280814,1.3880496,-0.045995474,0.5097284,0.25396928
betabuxxers,ours,0.03284762,0.008403309,0.5720308,0.046651796,0.04628595,-0.00563204,0.042276807
gook,prior,0.09867714,0.14605923,0.29948023,0.14548652,0.105114274,0.077950396,0.15041196
monkeybranching,prior,0.2349401,0.24423508,0.043554954,0.017362855,0.017901095,0.16734491,0.1721674
fakecels,ours,-0.17759892,-0.31584468,1.5229887,-0.22113088,-0.013169239,-0.32071954,-0.28816652
brad,prior,0.5734867,0.9379476,0.82653683,-0.4476332,0.1358953,-0.21915859,0.84405524
gonial,ours,-0.004876518,0.026459942,0.50924844,0.016341846,0.0192785,-0.016789213,-0.025573358
lookmaxxing,ours,-0.03167493,0.022434954,0.38553783,0.029732574,0.10130996,-0.0054521826,0.032475557
wageslave,ours,-0.08622455,-0.13809828,0.90901834,-0.1622957,-0.013126774,-0.32714695,-0.2670518
bp,prior,1.200691,2.5332174,0.3763635,0.09784575,1.261111,0.21229108,1.341938
bluepillers,prior,0.12877329,0.05134033,0.51586115,-0.2499315,-0.072569326,-0.19266464,-0.11905792
eyecel,ours,0.005084108,0.049466636,0.36624983,0.06579197,0.04331596,0.013566463,0.06443151
skank,prior,0.69079787,0.15595527,0.072827205,-0.3904692,-0.08374547,-0.18907824,-0.2329976
wahmens,ours,0.37032408,-0.03268756,0.27848727,-0.009437328,0.17674191,0.100928545,-0.042070296
redpilled,ours,1.289133,1.5483025,0.71408474,-0.1500797,1.1077566,0.14712635,0.28908634
chavs,prior,0.072372615,0.089587405,0.2443423,0.08676595,0.1166402,0.08111345,0.111609325
lookmax,ours,-0.04796536,0.048140004,0.3204441,0.018227099,0.0847733,-0.034643512,0.0063545783
gamergate,ours,0.2606356,0.038462278,0.0002857733,-0.21619646,0.54746354,0.6624927,-0.26193857
gynocracy,ours,0.66008663,-0.14406656,-0.05372446,-0.22588465,0.047870494,-0.051493533,-0.2914298
modricel,ours,0.11848729,0.15504363,1.4567231,0.15415405,0.13629828,0.12529461,0.15955536
fakeup,ours,0.9158967,-0.24686745,0.7535805,-0.26295915,-0.1463823,0.08981205,-0.32804736
gaymaxx,ours,0.09140312,0.12950608,0.3891693,0.128887,0.09744102,0.09519247,0.13550298
mogs,prior,-0.16434415,-0.28044704,2.400573,-0.46527302,0.07309082,-0.601236,-0.37497136
nazicel,ours,-0.04429779,-0.054544825,0.45928898,0.02972583,0.14911845,-0.004611425,0.07715095
twerp,prior,0.10600208,0.19833249,0.1926678,0.056053024,0.82975096,0.15992808,0.04642816
betabucks,prior,0.17910668,0.07298313,0.4577586,-0.18767962,0.09332654,-0.07511674,0.022264186
pussys,prior,0.40639916,0.63213134,0.47077715,0.10843884,0.438113,0.11621611,0.49917728
fuel,prior,0.8031084,0.7182577,1.3524878,0.68712777,0.6136658,0.32207853,0.3299542
subjugate,prior,0.040443715,0.009881828,-0.03986519,-0.15036663,0.61842954,0.5086716,-0.12367943
smear,prior,0.22520913,0.06851089,-0.008143064,-0.30523735,0.3589107,0.51117647,-0.31486368
betabuxers,ours,-0.039911855,-0.005247807,0.30697623,0.0038175064,0.063804775,-0.042688943,-0.006160735
neckpill,ours,0.16984683,0.280748,0.7940193,0.23553255,0.50007105,0.113228984,0.1756936
heightcels,ours,-0.18444611,-0.18298557,0.6597345,-0.14579163,-0.012425801,-0.068126395,-0.24302408
maxxed,ours,-0.095442794,-0.118935466,0.8152054,-0.08720551,-0.13968085,-0.17493525,0.00783613
whiteknighting,ours,0.16578887,-0.0036848271,0.5967056,-0.31970522,0.31834316,-0.005624415,-0.278685
incelibacy,prior,0.03463668,0.067198366,0.41562998,0.020618174,0.25118756,0.028360078,0.01805288
suifuel,prior,0.102852166,-0.0033873925,2.7597973,0.10410897,0.27907768,-0.17245162,0.034403734
friendless,prior,-0.084870115,-0.17281364,1.0539794,0.8642924,0.113003604,-0.15292285,0.19066927
awalt,prior,2.7424328,2.6871674,0.91587883,-0.72154105,1.7830563,1.0451046,1.3248925
changlite,ours,-0.04151403,0.025426708,0.42932042,0.004020975,0.04290247,-0.018559758,0.032417804
incelistan,ours,-0.12961529,-0.17066063,0.88205034,-0.19377398,-0.16877475,-0.24002755,-0.2339834
dicklet,ours,-0.08642898,-0.15623443,0.698858,-0.20262747,-0.10863006,-0.20809262,-0.25663105
landwhale,prior,0.86403185,-0.107016556,1.463271,-0.537097,-0.0010977983,-0.37552693,-0.65853393
manlet,prior,0.2007692,0.39837638,2.3500438,-0.06969134,0.3365501,-0.25121292,-0.111769386
snowflake,prior,0.57516634,0.66528195,0.39770368,-0.013081567,0.90383244,0.74914265,-0.1743665
normalfag,prior,-0.09132806,-0.08836833,0.65233105,-0.07167391,0.04381214,-0.14358027,-0.09609288
blackpill,prior,0.6835453,0.49377403,2.935077,0.075098716,1.5192095,0.23656039,0.23601562
mocks,prior,0.043630607,0.038269654,0.38091457,0.07463676,0.30630568,0.08456496,-0.037027247
fanny,prior,0.3557735,0.29254976,0.27863863,0.03731504,0.268005,0.20281166,0.2628057
jewcels,ours,0.011944916,-0.0021348824,0.6955088,-0.016065123,0.29905683,0.03628648,-0.048047043
sarms,prior,0.041259408,0.3876704,0.1316943,0.06476567,0.11674694,0.04188148,0.16929844
ethniccel,ours,-0.044501923,-0.024043608,0.8232089,-0.010097437,-0.044484608,-0.064177416,0.0030680571
puas,ours,0.14575265,0.42484593,-0.027346252,-0.51571214,0.96209705,-0.14801475,0.69563967
fap,prior,0.7002004,1.2291708,0.8636018,0.15352605,0.33533144,-0.20095783,0.67382205
overwhelm,prior,-0.12306721,0.31549126,-0.079663806,0.47230023,-0.21951473,-0.21572481,0.047294527
cumskin,ours,-0.0017957625,0.02949945,0.6887364,0.020239845,0.048114754,-0.010697637,0.03666215
scumbag,prior,0.49113703,0.05831468,0.43789008,0.018290956,0.29234758,0.51314545,0.03845348
bluepills,ours,0.19973588,0.06720798,0.32277298,-0.0799096,0.17825484,-0.0966166,-0.0330408
tard,prior,0.314751,0.09988195,0.65031207,-0.0055953297,0.15848994,0.16624224,-0.22427091
feeeemales,ours,0.05424349,0.22327116,0.1302128,0.04157602,1.057822,0.17373353,0.17509045
norwooding,prior,-0.083852015,-0.004197791,0.6213668,-0.09371925,-0.11348856,-0.1507624,-0.000119276345
fuckface,prior,0.29837465,0.19193082,0.3852943,0.10462859,0.49940053,0.19231611,0.118326865
knife,prior,0.29391587,0.25947902,0.054278634,0.453033,0.13286695,0.311717,-0.28077167
iqcels,ours,-0.11277067,-0.06433187,0.4904135,-0.08994335,0.11879801,-0.15041354,0.03584613
nightgame,ours,-0.33389756,0.32338837,-0.16812436,-0.20627579,-0.27376282,-0.2284695,1.5360389
killing,prior,1.1176665,0.86763203,1.0941918,1.8647033,0.97012573,1.2653606,0.714614
nmmng,ours,0.16392466,1.1458759,0.06338358,0.11853824,0.64357543,0.06226395,0.51201415
cucks,ours,2.0694346,1.0513543,1.7798582,-0.8980976,1.3464253,0.6143849,-0.2592568
norwood,prior,-0.11505494,-0.12641549,1.2469102,-0.14058945,-0.30038065,-0.2550784,-0.13091384
gymmaxxing,ours,0.009189739,0.026055848,0.7981383,0.012642831,0.028030438,-0.06024496,0.059737366
motherfucker,prior,0.45530534,1.0057269,0.62683475,-0.05692177,0.29058087,0.07006895,0.50270784
negging,prior,-0.009148326,1.0260243,0.2640009,-0.12692393,0.8149745,0.02307316,1.455161
moid,ours,-0.15276082,-0.11444572,0.36928433,-0.087611794,0.043855704,-0.19132435,-0.08709578
amogging,ours,0.081280105,0.23676893,0.06824827,0.08765856,0.11564587,0.042724583,0.18449655
kill,prior,1.0873425,0.9098508,1.1488478,1.7372642,1.1442213,1.1947904,1.0330781
brothercel,ours,-0.040553313,-0.045895718,0.39995667,0.06925526,-0.0033227867,-0.114589445,-0.092544876
trannymaxxing,ours,0.10537399,0.14661676,0.53797656,0.14314333,0.10042013,0.10935187,0.145246
tallcel,ours,-0.12578873,-0.07302989,1.0929675,-0.009400712,-0.026270004,-0.1727676,-0.0066082636
fuckable,prior,0.235187,0.4838847,0.40859994,-0.3685353,0.24955057,-0.098853454,0.2421049
trufemcels,ours,-0.0067881607,0.023073152,1.2510191,0.0367747,0.3861522,0.017625147,0.07284975
marriedredpill,prior,0.06594757,0.5711968,0.07706072,0.11891905,0.55770606,0.105949365,0.13414167
betabuxxes,ours,-0.061920464,-0.03885152,0.18846987,-0.02976291,-0.0046569034,-0.0726573,-0.018115956
cho,prior,0.112786695,0.08958646,0.51221704,0.119579196,0.1827032,0.055226177,0.07390513
moids,ours,-0.083099745,-0.03367347,0.533082,-0.026944675,0.20216326,-0.0782915,-0.02623453
escortcels,ours,-0.08620172,-0.08953514,0.46703094,0.023140455,-0.031578835,-0.16055122,-0.036171433
soyboy,prior,0.88181365,0.49201393,1.3783325,-0.7871236,0.877332,-0.065005764,-0.6166595
mewing,prior,-0.06499541,0.49870145,1.1171211,0.029168846,-0.17109194,-0.08000971,0.102621004
afbb,prior,0.32133377,0.41451523,0.53431714,-0.047688916,0.2981937,0.0880072,0.1868418
basedshaman,ours,0.1124966,0.15526322,0.6176696,0.15793614,0.19199465,0.12406512,0.1655572
rednecks,prior,0.14269088,0.058204815,0.14973728,-0.07514788,0.12564105,0.1473513,-0.043308884
nawalt,prior,1.4714006,0.5264001,0.56631047,-0.4939479,0.5774089,0.16346104,-0.3551993
tfl,prior,0.25844806,0.07397558,0.067508794,0.045850966,0.096377335,-0.009394807,-0.050129384
roids,prior,0.059148647,0.71617985,0.77480084,-0.32506913,-0.27320027,-0.29659513,0.38324317
roasties,prior,0.7468152,0.11221856,2.412484,-0.17005064,0.740024,-0.04705797,-0.20340046
gangbang,prior,0.48215845,0.4192434,0.52150595,-0.04504021,0.44866621,-0.19646034,0.11501098
rsdtyler,ours,-0.01864117,0.38861638,0.03580775,-0.013025223,0.09676045,-0.061000425,1.0530959
redneck,prior,0.082007006,-0.11131473,0.028618503,-0.29387212,-0.029270595,0.015314559,-0.08955324
gynocentricism,ours,0.49790615,-0.03692189,-0.05866561,-0.06695363,0.13679159,0.09195763,-0.124075264
neetcels,ours,-0.11223857,-0.06854807,0.6810202,-0.023606127,-0.112294875,-0.15050884,-0.052507944
purplepill,prior,0.051425375,0.19489093,0.11364998,-0.002863761,0.4752152,-0.03312944,0.23188555
scum,prior,0.277203,-0.65402305,0.6028376,-0.39713427,0.09624073,0.49886352,-0.81023806
insel,prior,-0.019565016,0.027436616,0.6450997,0.045905553,0.053077795,0.007580956,0.050133675
currycel,prior,-0.123010576,-0.26467255,1.723002,-0.26070958,-0.17206661,-0.28981304,-0.32447863
betabuxx,prior,-0.15653539,-0.22137424,1.6793408,-0.24612774,-0.16584186,-0.323737,-0.26945207
neet,prior,-0.01865536,-0.3217955,1.2630355,0.30294082,0.0064014476,-0.40149215,-0.31603277
rat,prior,0.5096715,0.39470863,0.09544841,-0.18863407,-0.04423115,-0.19826292,-0.02527433
er,prior,0.0037409104,-0.38084587,0.8190762,0.63897204,-0.08331134,-0.11477594,-0.44242936
betabuxxed,ours,-0.14500654,-0.18574093,0.28353712,-0.16790885,0.08180902,-0.21650796,-0.1799607
mgtow,prior,2.2949386,1.4133863,1.1345176,-0.1479364,1.956823,1.7932107,0.74074244
kick,prior,0.55139744,0.9604636,0.07009472,0.48743474,0.1837032,0.19013244,0.573031
rating,prior,0.42339522,0.46052662,1.0061911,0.0032666926,0.44813964,0.27022222,0.79740334
fwhr,prior,-0.08337553,0.06353093,0.49211818,-0.013662604,0.09789833,-0.036545612,-0.016604302
buxxing,ours,-0.11671526,-0.051506974,0.4282067,-0.13655384,0.03470736,-0.19165842,-0.185382
asiancel,ours,-0.026286408,-0.008041428,0.36790392,-0.03143315,0.0030294084,-0.077828154,0.021336768
curry,prior,-0.067453094,0.046959892,1.6801842,-0.31522042,0.0020215707,-0.23849025,-0.2517261
cuckhold,ours,0.023054268,-0.014829405,0.19178681,-0.07692546,-0.03731263,-0.027270172,-0.11332248
hoodrats,prior,0.14937566,0.2447644,0.08469993,0.04937759,0.19824982,0.052210867,0.3655705
gaylubeoil,ours,0.11788499,0.689183,0.14292793,0.03618765,0.55403507,0.024266671,0.08759639
looksmaxing,ours,0.054010257,0.20870286,1.032018,0.063586086,0.02389542,-0.124817125,0.12318964
murder,prior,0.8702782,0.087036565,0.4570848,0.06996653,0.8544848,1.4962654,-0.13014448
betabux,prior,0.6791308,0.26697034,1.6635593,-0.66918725,0.5396109,-0.52945775,-0.44451025
np,prior,-0.10933633,0.025664724,0.051346637,-0.04935817,0.09644101,-0.04702513,-0.06499021
bluepilled,ours,0.69134367,0.6698343,1.8778389,-0.3503879,0.40079033,-0.4147997,-0.1646533
gash,prior,0.15350638,0.008268269,-0.07817402,-0.22321409,0.10088906,-0.0754066,-0.08073178
looksmaxed,ours,-0.07165865,-0.017266497,0.93550646,-0.15440294,-0.0729589,-0.16832589,-0.11538813
smv,prior,1.6248114,3.3144634,1.4481666,-0.12297342,1.3899021,0.45605776,2.5277865
relationshit,ours,0.6068646,0.103527546,-0.07929417,-0.21266559,-0.045624018,-0.11113403,-0.14798698
blackpilling,ours,-0.06352963,0.046289302,1.1768346,0.020940397,0.085528456,-0.08669695,0.112068534
volcels,ours,-0.12779437,-0.19525276,1.8193634,-0.32101774,0.025203325,-0.29898283,-0.33774137
catcels,ours,0.02858163,0.068967335,0.63468814,0.067008995,0.02345974,0.014141534,0.065261915
retard,prior,0.7742112,0.72552633,1.7000995,-0.38082054,0.8446137,0.26290923,0.24437624
gyow,ours,2.694827,0.5322158,-0.15259266,-0.43924984,0.27794525,0.32530558,-0.39879876
escortcelling,ours,-0.03682354,-0.053301733,0.5734997,-0.019606888,0.046844017,-0.0814472,-0.029038396
douchebag,prior,0.0859666,0.5450261,0.37988174,-0.25155774,0.8477324,0.06701718,0.43116003
agepill,ours,-0.036498,0.041675743,0.25435063,-0.103950076,-0.045481354,-0.12810732,-0.13883053
gaymaxxing,ours,0.01870831,0.05680517,0.37958878,0.06304087,0.038615767,0.022487136,0.0831027
dyke,prior,0.40259716,-0.11650854,0.11375815,-0.36403263,0.045013137,-0.16851702,-0.2872329
gl,prior,0.1834974,0.5419174,0.7217828,0.22676136,-0.1325367,-0.1710966,0.5439524
amogs,ours,0.037610006,0.36254787,0.18822971,0.09418971,0.30832297,0.024393015,0.6701662
shittest,ours,-0.021119073,0.81701326,-0.03846014,-0.1752357,0.060201477,-0.21902299,0.57390785
weebcels,ours,0.04354582,0.005657199,0.5763193,0.08968828,0.050100714,0.00093159854,0.034199618
puahate,ours,-0.08788694,-0.046805166,0.5854767,-0.04790938,0.109132074,-0.06850997,0.07078996
genocide,prior,0.36612356,0.010554762,0.57077914,-0.026598688,0.6514386,0.63138914,-0.120408155
mensrights,ours,0.29996705,0.032872096,0.062577635,-0.0067196824,0.9390067,1.6290547,-0.07742509
volcel,prior,-0.036684923,-0.36246917,2.779624,-0.47594,0.28652275,-0.61309165,-0.3790149
turbomanlet,ours,-0.08563703,0.034525387,0.5175704,0.020046093,0.054804675,-0.044411946,0.031043788
test,prior,1.443232,2.2079887,1.2373762,1.1824671,1.2527722,1.2711302,1.9431665
ewalt,prior,0.5250447,0.17729264,0.45906627,0.11647159,0.44738665,0.14922422,0.061740264
slags,prior,0.420219,0.18639211,0.105415925,-0.07496721,0.22687003,0.0094974,0.07733812
looksmatch,prior,-0.010012375,-0.12494528,2.509561,-0.1644977,0.49676278,-0.2802928,0.10069674
solipsism,prior,0.5437939,0.93728906,0.12096763,-0.18630873,0.8527605,0.15710314,0.06087023
fashionmaxx,ours,0.031846825,0.08778927,0.47212502,0.08018229,0.07390457,0.05755264,0.11030897
tradthot,ours,0.3783105,-0.12156531,0.05167176,-0.14742309,0.10024396,-0.06798889,-0.08264153
bird,prior,0.24985741,-0.034423567,0.23624255,-0.22461413,-0.04331072,0.1050985,-0.06244612
smartcel,ours,0.09972206,0.11620167,0.42812866,0.1303936,0.17687221,0.05501794,0.17022496
sloot,prior,0.254966,0.35410327,0.15831466,-0.10804628,0.23173858,-0.11920503,0.27527437
redpill,prior,1.632607,2.5398397,0.8000665,-0.6569823,1.9834344,0.24805585,1.2448758
hoe,prior,1.5101769,1.1866918,0.3840744,-0.41814387,0.101447314,-0.065617934,0.54796076
fuckboy,prior,-0.069539115,0.731086,0.32335708,-0.06823832,0.06892844,-0.30914643,1.0841632
fatass,prior,0.09938647,0.0022578724,0.52198064,-0.10003837,-0.09156266,-0.19252737,-0.28687897
harm,prior,0.39908844,0.4049521,0.4873606,1.7764494,0.5928144,1.373108,0.37019145
okc,prior,0.022478431,0.16890281,0.57962984,-0.085686766,0.493751,-0.22816627,0.5975658
gynocentrism,ours,1.159443,0.093625166,-0.02157024,-0.29657465,0.3365531,0.7475088,-0.31477234
niceguy,prior,-0.13413398,0.27207175,0.38229573,-0.2794992,0.3086787,-0.116810195,0.41760653
moron,prior,0.411728,0.15148786,0.4650238,-0.42302135,0.7746706,0.5296738,-0.34073067
attacked,prior,0.3474553,-0.23933409,0.42268708,-0.034285877,0.6422796,1.0428039,-0.441096
wymin,ours,0.29992485,-0.0155269345,0.19080691,-0.14854205,-0.053198293,0.20531334,-0.07964111
cunt,prior,1.6083983,0.78084165,1.1645712,-0.074082,1.0289625,1.1073819,0.05102216
hillbilly,prior,0.18289335,-0.0047034156,0.11265842,0.03370526,0.15175353,-0.03280477,-0.029573727
amoging,prior,0.2608948,0.6575474,0.21959963,0.105530985,0.33746895,0.077721775,0.40773988
chadfish,ours,-0.1149112,-0.105297424,1.2217674,-0.10073153,-0.0829005,-0.07168891,-0.031920776
wasps,prior,0.1109885,0.065641776,0.13071318,0.052555062,0.18447544,0.13884906,0.043627214
facemogs,ours,0.0020426805,0.059843056,0.32445067,0.06314491,0.036247667,0.025497993,0.066349044
currywhores,ours,-0.023681238,0.07555187,0.4824115,0.017612256,0.014023283,0.012848625,0.07088486
kek,prior,0.5332645,-0.00015814789,1.6942515,-0.3385667,0.35910413,-0.10643424,-0.42578155
richcel,ours,-0.110961415,-0.10712025,0.65504664,-0.070752054,-0.06737897,-0.08668181,-0.10670532
ldared,ours,-0.08526787,0.0033605727,0.32247382,-0.00018021869,-0.050219595,-0.10149441,-0.066785514
beaver,prior,0.1740556,0.19552875,0.15700325,0.06870129,0.261948,0.06313495,0.06526605
mensright,ours,0.091129,0.063537784,0.028458882,0.046639144,0.28066608,0.28089064,0.055153217
tortured,prior,0.41104642,-0.40179506,0.28188974,0.24039114,0.018507764,0.25152576,-0.44351882
rice,prior,0.22908442,0.18437146,0.30231357,0.009181088,0.099277906,0.04156694,-0.05303235
avfm,ours,0.0194334,0.04058206,0.010387268,0.011309584,0.37855995,0.45035973,0.0068216473
fuckers,prior,0.75414795,0.20325172,0.48997912,-0.16066952,0.27860305,0.10409282,-0.05750958
hh,prior,0.23473756,0.31062183,0.27174202,0.18582761,0.4079308,0.074473985,0.31333172
beckies,prior,-0.05200808,-0.024107754,0.69688284,-0.07346074,0.14009055,-0.109436594,0.16844057
wagecuck,prior,-0.009683247,-0.06815705,0.8802949,-0.099617,-0.10653048,-0.23153184,-0.1488935
cockblock,prior,-0.22145946,0.5951802,-0.028059203,-0.18643048,-0.14976127,-0.13900293,0.82181114
iqcel,ours,-0.11506051,-0.114387214,1.1250082,-0.1371458,-0.07824534,-0.18919374,-0.21312687
locationcel,ours,-0.029375339,0.008678601,0.5966908,0.026213635,0.008226112,-0.014849233,0.021141594
mentalceldom,ours,0.07049744,0.10679453,0.22659925,0.10961939,0.067295484,0.070562325,0.10940014
gamma,prior,0.096095055,0.18897547,0.16200326,0.11621365,0.06326478,0.043496277,0.12350178
noodlewhores,prior,0.090189725,0.117541336,0.6274081,0.11976471,0.080280684,0.08804834,0.11958426
rpw,prior,0.5709665,1.3301861,0.36707622,0.08631661,1.5581346,0.4244158,0.47766176
slutting,prior,0.15995297,0.29465428,0.1379614,-0.23201737,-0.093229234,-0.12639357,0.0783972
murdered,prior,0.6316625,-0.16564244,0.39907205,-0.13192642,0.7880131,1.1202524,-0.66303027
dhv,ours,-0.22346467,0.72958237,-0.14603668,-0.18394823,-0.0877015,-0.17634703,1.3678983
chad,prior,1.726059,1.5789585,2.0816288,-0.1442428,1.7289108,0.89286184,1.3699462
moggs,ours,-0.12683661,-0.07322345,0.37713215,-0.10793657,-0.005695526,-0.16576977,-0.015011401
birdcels,ours,0.12936513,0.16334163,0.3957111,0.15829676,0.037748773,0.069174774,0.1826182
shortcel,prior,-0.24369286,-0.17989948,0.811125,-0.25572747,-0.24823633,-0.23859547,-0.20762298
gymceling,ours,-0.18599623,-0.17830294,1.0173897,-0.18826604,-0.23304321,-0.34289762,-0.22317836
jbb,ours,0.107473515,0.15729599,0.54486954,0.13111727,0.18798967,0.10844997,0.18429552
facecel,ours,-0.018689578,-0.13664998,0.4566452,-0.09850395,0.031235933,-0.17551982,-0.0678704
jewcel,ours,0.03252347,0.009255924,0.40736237,0.052209407,0.30045423,0.0031790258,-0.049424805
subhuman,prior,0.21700704,-0.21147117,2.3835962,0.17069724,0.66445404,0.04097528,-0.07979804
cunts,prior,1.5872664,0.49053374,1.0262152,0.07940914,1.1068895,1.0886047,-0.18564714
surgerymax,ours,-0.17403854,-0.1684571,0.69728124,-0.15662819,-0.22674054,-0.19117673,-0.18001658
vanquish,prior,0.17133377,0.12691873,0.08743136,0.08976646,0.05020803,0.14440359,0.13837637
unfuckable,prior,0.23831207,0.01631762,0.50645405,-0.21749736,0.4061991,-0.105385125,0.045810714
gaycel,ours,-0.08478057,-0.11285897,1.0225704,-0.085758254,-0.13142146,-0.11381313,-0.14146627
turd,prior,0.5262108,0.20810303,0.09835217,-0.30435243,0.44451812,-0.12069982,-0.095665455
roastie,prior,0.7643267,0.1456691,2.3917496,-0.32574168,0.87500477,-0.04992578,-0.21090636
shoot,prior,0.505988,0.5193965,0.39774692,0.56062067,0.088237494,0.12208319,0.5565499
maxxing,ours,-0.14951569,-0.09121978,0.95689124,-0.13868563,-0.17880195,-0.2300858,-0.054052256
colttaine,ours,0.38542834,-0.10124351,-0.038771365,-0.19983795,-0.05661883,0.040149935,-0.079856
khv,ours,0.17411432,0.12288408,0.98008186,0.4231967,0.2124757,0.031828195,0.309362
dumbcel,ours,0.055107627,0.08755921,0.48722294,0.0709629,0.084405,-0.014929512,-0.031052666
tren,prior,0.060367994,0.7779149,0.108564116,-0.047317617,0.043872505,-0.10514399,0.10781354
rope,prior,0.18341178,0.10450684,1.7190205,0.55439013,-0.094469875,-0.40067255,-0.2922893
hicks,prior,0.18517928,0.12653816,0.21119384,0.12675299,0.16869535,0.07054715,0.2132152
hugless,prior,-0.20293729,-0.124151364,0.87110144,0.08378761,-0.02937929,-0.20070294,0.23412818
tradcuckery,ours,0.21912567,0.060316138,0.030307345,0.0513764,0.090890504,0.024962457,0.05086138
wgtow,ours,0.5725427,0.047243245,0.25362274,0.012465649,0.55003226,0.24595772,-0.07919988
gigatyrone,ours,-0.036298808,0.010210401,0.29558966,0.008903927,-0.042774633,-0.026075741,0.047820374
dogcels,ours,0.07261309,0.043107748,0.4585478,0.089147426,0.1961082,0.052166827,0.042390354
bdd,prior,-0.25257552,-0.18863446,0.6064192,0.37815738,-0.06907341,-0.21494836,-0.18311866
hapas,ours,-0.20175698,-0.04375081,0.6233181,-0.2314649,-0.07438421,-0.29567552,-0.26280755
turbo,prior,0.4148861,0.24439976,0.7841087,0.012516759,0.12728289,-0.03958172,0.08282963
realcels,ours,-0.005221308,0.031081302,0.49664718,0.0618871,0.15249057,0.008590106,0.058322147
wagecucking,ours,0.10300324,-0.04615897,0.8979269,0.028489422,0.042163737,-0.115108356,-0.0833713
wahman,ours,0.4244489,0.27543992,0.2300362,0.15300825,0.21343242,0.19806212,0.16948451
personalitycels,ours,-0.05397183,-0.011133179,0.8095226,0.0050548506,0.035954814,-0.08146067,-0.016799599
pedocel,ours,0.025753703,0.059512716,0.42347085,0.08478474,0.049558207,0.032813065,0.0600702
gftow,ours,0.30043128,0.7567397,0.20666996,0.1887034,0.1694973,0.10832532,0.45677754
shotgun,prior,0.3466147,0.27022907,0.337314,0.4960027,0.33861452,0.06970312,0.16072778
whiteknight,prior,0.13154903,-0.05539671,0.38770777,-0.4029572,0.19952504,-0.103610985,-0.10925045
careermaxxing,ours,0.0075779078,-0.038706467,0.57919985,-0.005506257,0.04979503,-0.05288988,0.0004433468
hetoo,ours,0.16715162,0.12368956,0.27371776,0.12999205,0.11819825,0.6472439,0.27382854
eurocels,ours,0.039567705,0.07800103,0.39521137,0.07281898,0.10150754,0.034078892,0.07896297
divorcerape,ours,0.08308892,0.09441757,-0.0022638831,0.019803287,-0.09028353,-0.015434783,0.0132656
tallcels,ours,-0.09465275,-0.034134436,0.9128135,-0.00081543927,-0.13601032,-0.17755547,-0.018490145
betabuxing,ours,-0.18652707,-0.22556433,0.67695457,-0.2700399,-0.16458446,-0.35918346,-0.18721193
prevail,prior,0.38807362,0.1241608,0.1049607,-0.021265667,-0.06751091,0.3524883,0.07614038
slayer,prior,0.3146733,0.09395115,1.3002781,-0.37655374,0.11280078,-0.36304748,-0.0051432997
onitis,ours,0.033922277,0.5155772,0.008193167,-0.032877676,0.10476303,0.0017643981,0.47791678
idiots,prior,1.3143996,0.53161573,1.0126065,-0.03432283,1.6690844,1.3161865,-0.02329154
tyrones,prior,0.32641786,-0.3153007,0.9888762,-0.53026766,-0.14680113,-0.49282852,-0.5820323
heightmogged,prior,-0.10233975,-0.08350487,0.8950819,-0.15160644,-0.0015898772,-0.17523609,-0.1582253
aspie,prior,0.0015194826,0.29769555,0.92342913,0.34168583,0.19139946,-0.04651751,0.111282445
personality,prior,1.688475,2.1209826,2.5063746,2.1824324,2.0608654,1.3477657,2.2739878
gmow,ours,1.0878496,0.061121657,-0.23500781,-0.2079428,-0.27593023,-0.04933352,-0.34833658
chincels,ours,-0.108898655,-0.07056683,0.35970217,-0.048208497,-0.09288503,-0.106578946,-0.056451596
nexted,ours,-0.027168646,1.4625049,-0.057958484,-0.12741788,0.4700643,-0.19475885,1.1767975
poundmetoo,ours,0.75047606,0.10135205,-0.1539514,-0.34105515,-0.049498536,0.2603612,-0.048029765
subhumans,prior,-0.060599994,-0.24068776,1.3124657,-0.09371785,0.20948267,-0.17011462,-0.35904694
hypergamist,ours,0.31745762,0.22527067,0.19795224,0.13260585,0.12557673,0.09074533,0.14111684
vasya,ours,0.07677,0.6268383,0.004192911,0.023781164,0.42892483,0.0041297553,0.34568265
wahmen,ours,1.3830662,0.17607743,0.6669018,-0.009686704,0.754043,0.5637193,0.16025686
heightcel,prior,-0.07316647,-0.054936424,1.0023544,0.028349774,-0.11592752,-0.1183296,-0.01136009
dom,prior,-0.07868768,0.45593202,0.17060472,-0.16770653,0.65351975,-0.14410816,0.28649554
magratm,ours,-0.13708058,-0.13957912,0.4510689,-0.047709104,0.013744521,-0.14733599,-0.0991902
squintman,ours,0.077675454,0.16674334,0.6264155,0.17720926,0.09502177,0.06911472,0.14660865
mm,prior,0.06872919,0.21261509,0.728108,0.052483615,-0.13940692,-0.14193694,0.31755117
incelswithouthate,ours,-0.1542224,-0.17817487,0.5394892,-0.09555547,0.31316337,-0.12611558,-0.084187105
biatch,prior,0.3421448,0.2333272,0.41180488,0.21877515,0.14721225,0.19524305,0.2995983
blackopscel,ours,-0.057466127,-0.07351971,0.83449006,-0.011969878,0.04390584,-0.102064334,0.056632426
negs,ours,-0.18870345,0.8223876,0.03622979,-0.13925692,0.20272207,-0.13659619,1.3663344
redpillschool,ours,0.016966986,0.4138694,0.068575814,0.07240496,0.3962665,0.103370965,0.12891652
fatcel,ours,-0.23724201,-0.17642738,2.0065615,-0.31869775,0.06881051,-0.31616458,-0.26688227
gymceled,ours,-0.03331867,0.022691928,0.36664447,0.033926856,-0.00582355,-0.025214052,0.0061313566
blackpilled,ours,0.16785945,0.10648383,2.584792,-0.118703105,0.6218994,-0.29124504,-0.1063966
wmaf,ours,-0.04966868,0.020224258,0.6195164,-0.05071415,0.49560645,0.005788309,-0.00051762676
surgerymaxx,ours,-0.07603722,-0.06985626,0.72855306,-0.08234215,-0.1631434,-0.14768018,-0.11223009
tyronelite,ours,0.06468837,0.09394495,0.645236,0.08370115,0.072364494,0.065298,0.11544345
againstmensrights,ours,0.06483383,0.0417253,0.062313616,0.0555114,0.23714852,0.5746078,0.09281279
degeneratemaxxing,ours,0.024693029,0.0549824,0.42594385,0.0858355,0.06808937,0.035014827,0.06933132
lookism,prior,-0.2689496,-0.08406032,1.6898713,-0.26830107,0.24742451,-0.21668589,-0.20442897
girl,prior,0.6229782,0.9476655,0.7973801,0.7511676,0.93741626,0.73439336,1.3798164
sarging,ours,-0.11861344,0.18113881,-0.09069462,-0.114121705,-0.030419558,-0.1357684,0.6370604
chadlites,prior,-0.06346482,-0.110606536,1.3716606,-0.25438294,-0.104828246,-0.37212288,0.0659509
chaddams,ours,-0.07158434,-0.055630866,0.4554054,-0.023703255,0.08397036,-0.03560987,-0.052185684
surgerymaxxing,ours,-0.04348609,-0.05082276,0.5169866,-0.05733513,-0.09831451,-0.05511333,0.058965787
normiecel,ours,0.116915785,0.13025682,0.3504801,0.12631968,0.09584482,0.06545734,0.1262352
copecels,ours,0.09341701,0.16075951,0.39646494,0.10304978,0.04380307,0.05887954,0.15911236
womanlets,ours,0.056266706,0.09398584,0.45539168,0.11066509,0.08384756,0.06302863,0.09676922
prostitute,prior,0.8486981,0.038185425,1.0733109,-0.74070185,0.43084666,0.034701742,0.3542925
simpery,ours,0.1531048,-0.017718764,-0.112035684,-0.12251962,0.10855576,0.09971853,-0.09724203
jb,prior,0.054138903,-0.013827401,0.49423346,-0.08918959,0.38384527,-0.020833472,-0.03200112
fob,prior,0.11650676,0.1210943,0.5458308,-0.01924587,0.06395764,-0.017496293,0.3455708
so,prior,-0.47427988,-0.5461392,-0.3536635,-0.16135827,-0.25229752,-0.24158952,-0.269566
ogrecels,ours,-0.093519315,-0.06832481,0.6494112,-0.05529109,-0.053420447,-0.043978475,-0.042789258
rosties,ours,0.036670934,0.015093747,0.4591276,0.030560797,0.042040017,0.009876242,0.029661313
cucked,ours,2.2164323,1.4055405,1.7637922,-0.69058037,1.2810917,0.75622255,-0.019100688
bastard,prior,0.81197375,0.10761796,0.06811404,-0.4097555,-0.07366264,-0.13536894,-0.39901906
normtards,ours,-0.09928416,-0.067778036,0.540698,-0.017252548,-0.02536253,-0.1481269,-0.024784721
betabuxes,ours,-0.0416215,0.056688905,0.4370797,-0.025832247,0.10690033,0.029356614,0.06182737
fucker,prior,0.3448031,0.25940546,0.31329954,-0.31027305,-0.29725063,-0.33896306,-0.054031737
sui,prior,-0.11917984,-0.24163964,1.2888485,-0.09069831,0.018951965,-0.28563505,-0.20196335
toilet,prior,0.58638805,0.09339076,-0.13535276,-0.13845745,0.15002632,0.45314574,-0.19964904
muslimcel,ours,-0.07023741,0.0067954715,0.40456307,-0.019699896,0.10991771,-0.028654791,-0.037710533
ioi,prior,-0.047824543,1.9080361,0.27525428,-0.32342815,0.06211444,-0.36702302,2.5736434
chadstralia,ours,0.045967042,0.06112826,0.7344963,0.060016274,0.06910665,0.0009289542,0.04606399
mirin,prior,0.12106645,0.40057328,0.58518666,-0.047435127,0.1497859,-0.20801419,0.19644555
bluepilling,ours,-0.052766368,0.0037587844,0.42860374,-0.0033471577,0.12883483,0.015244591,0.005167715
gigacuck,ours,0.03316367,0.06811724,0.48160252,0.0727573,0.099272944,0.03288212,0.07191423
muff,prior,0.27768326,0.29076093,0.33650118,0.1026772,0.31588414,0.09018047,0.2103143
thugmaxxing,ours,0.08885551,0.12593132,0.6520928,0.1255533,0.086034104,0.0908994,0.13250406
coltaine,ours,0.44037732,0.30084407,0.111957125,0.006543992,0.41967282,0.06968965,0.17532648
mothafucka,prior,0.22927077,0.2773927,0.36172032,0.27723902,0.25015622,0.18500006,0.24339148
beaten,prior,0.50367683,0.09928784,0.67714435,0.19959293,0.3851577,0.6934504,-0.29186508
incell,ours,0.030135635,0.08077639,0.18797337,0.082596414,0.081204295,0.04481936,0.0914868
autistcels,ours,-0.07054262,-0.053449497,0.55731565,0.013273628,0.02922244,-0.090637766,0.08276166
statusmaxxing,ours,-0.037790146,-0.06769005,0.7348121,-0.06603319,-0.06267935,-0.1210572,-0.044904068
humansockpuppet,ours,0.114096485,0.6051996,0.16564839,0.19538407,0.27560976,0.23475395,0.51828957
negged,ours,0.0035038157,0.5226856,0.10136587,-0.018986236,0.30719036,-0.05179043,0.6991149
terrorize,prior,0.084267095,0.037424784,0.06656093,-0.00445057,0.090639025,0.29557383,-0.058564596
inhibition,prior,-0.25051537,0.081846535,0.6725526,-0.19959773,-0.24881703,-0.4097342,0.23117888
escort,prior,0.67754734,0.442353,0.9505058,-0.22980812,0.119528815,-0.2932654,0.77034974
pct,prior,-0.0257716,0.36065456,0.30763674,0.04330301,-0.21440944,-0.15278082,-0.03684783
ljbf,ours,-0.05783925,0.6883777,-0.05226789,-0.047498785,0.18476778,-0.17645893,0.6779127
seddit,ours,-0.079136476,0.82849073,0.121650964,0.020383406,0.16748492,-0.0030876726,2.0640035
ropefuel,ours,-0.13849139,-0.1581935,1.0342891,-0.15463823,-0.19393755,-0.22576328,-0.13123557
noodlewhore,prior,0.0611747,0.09219101,0.768049,0.08786592,0.06389374,0.06141937,0.10307215
carkudo,ours,0.025249649,0.017167425,0.21631405,0.15286599,0.1586295,0.10297028,0.08790556
manletcel,ours,0.02019988,0.08675676,0.53146094,0.08348773,0.03641411,0.058556933,0.07176406
altrightcel,ours,0.1875207,0.17872126,0.53017,0.15251417,0.21328138,0.15433489,0.21249253
redpillers,ours,0.017113384,0.5166754,0.21806778,-0.3914647,1.1889583,0.1165787,0.110378176
framelet,ours,-0.012389032,0.05527048,0.59268534,-0.004027118,0.13524695,-0.0072716866,0.16091366
studymaxx,ours,0.09524367,0.14185035,0.48549882,0.15874201,0.13412198,0.107655674,0.15068185
whitepill,prior,0.011162143,0.028884917,0.40638146,0.024633002,0.35008028,0.08726646,-0.05425815
gigacoping,ours,0.106240965,0.14457394,0.48414922,0.14937003,0.12375858,0.109937765,0.15584171
mgtower,ours,0.28684554,0.08567139,0.08248129,0.070980236,0.22396265,0.14108972,0.07783075
mayocels,ours,0.08344136,0.11838842,0.5675641,0.10571561,0.078322895,0.081624344,0.12319823
truecels,ours,-0.1510244,-0.16340593,1.8121948,-0.24074277,-0.10508373,-0.2912855,-0.24771574
wamens,ours,0.3529474,0.12588285,0.34612584,0.08129456,0.24497801,0.24303891,0.106790856
daygaming,ours,-0.16118269,0.5401166,-0.0024971527,0.0010209111,-0.08929221,-0.0877665,1.1106135
asshole,prior,1.2955734,1.3716573,1.4266088,1.2053622,2.0265176,1.3853244,1.1264784
handholdless,prior,-0.15657154,-0.12254441,0.68343776,0.12156225,-0.049108576,-0.15011771,0.015136613
copecel,ours,-0.03364785,0.024815515,0.5560127,-0.03020626,0.053476255,-0.095425025,-0.06833682
tranny,prior,0.48001814,0.18474069,1.0779258,-0.30867508,0.18865398,0.2552129,-0.24069737
careermax,ours,-0.06271129,0.04312253,0.8158099,-0.016753545,-0.07937748,-0.05055553,-0.08161851
wuss,prior,0.055647656,0.36995226,0.1593009,0.18446805,0.29699612,-0.039553158,0.46072167
instadate,ours,-0.0062152324,0.5353584,0.06997018,0.05078718,0.03377132,0.005177374,0.90048575
ragefuel,ours,-0.19337843,-0.19610217,1.1405241,-0.15963222,-0.09107622,-0.17134044,-0.21138218
autistcel,ours,-0.07702323,-0.04885559,0.61980534,0.01587064,0.2006431,-0.1451424,-0.03592421
kv,prior,-0.054265566,-0.07348539,0.8676432,0.113485485,0.340312,-0.13244002,0.33267212
foid,prior,0.30834773,0.064668745,2.5866165,-0.006445173,0.5840103,0.0027744723,0.09558612
femoid,prior,0.004559312,-0.2619453,1.9018577,-0.3912543,0.42797047,-0.34544745,-0.34830293
jbt,ours,0.1098487,0.1540155,0.46644086,0.1472986,0.21459587,0.114981584,0.15084453
amwf,ours,0.008343844,0.022079604,0.3777247,-0.028150925,0.32624954,-0.051130723,0.022824198
whities,prior,0.20032059,0.08347683,0.18517432,0.098063074,0.13556635,0.04544657,0.07864383
ricels,ours,0.016751021,-0.03929153,0.45354006,0.00096177286,0.08227189,0.009434961,0.115456894
chaddest,ours,0.00035493728,-0.02176982,0.19313435,-0.058870032,-0.038577273,-0.10216548,0.030595321
ghow,ours,0.33164248,0.10159769,-0.1411008,-0.14789723,0.03174481,-0.058864903,-0.054507308
acnecels,ours,0.030140666,0.083003104,0.53111285,0.087274246,0.056734473,0.045068473,0.07003546
chadjeet,ours,0.06461346,0.08198375,0.37948355,0.09377153,0.16870636,0.045557942,0.09260708
currycels,ours,-0.3377968,-0.3444016,1.4748355,-0.3906679,-0.11090368,-0.3810825,-0.42308885
idiot,prior,1.2643508,0.94034815,1.2838106,0.69592357,1.3817892,1.219023,0.9400025
dumpster,prior,0.8495731,0.4415294,0.4889554,0.012140673,0.7867235,0.68830174,0.19489428
ethnic,prior,0.14585188,0.15593545,1.5976954,-0.3359533,0.5575261,0.3708601,-0.02115604
heightmog,ours,-0.08276033,-0.012949061,0.668825,0.023292113,-0.10899213,-0.11462869,-0.008763585
statusmaxxed,ours,-0.030750236,-0.0049764914,0.9876782,0.007868258,-0.017137835,-0.027622605,0.01993566
gymcelling,ours,-0.2555988,-0.03522733,1.6532619,-0.2373621,-0.2322649,-0.43531266,-0.38047147
boob,prior,0.28630164,0.24401039,0.29247406,-0.14729646,0.22615704,0.38730422,0.30807835
nsa,prior,0.15147646,0.27220225,0.16937952,0.13170455,0.2305389,0.18396945,0.31664664
wristcel,prior,-0.1945369,-0.23599467,0.8090513,-0.19307995,-0.29337656,-0.23651865,-0.28269652
neetbux,ours,-0.07535283,-0.16422659,0.57013524,-0.100364804,-0.020288605,-0.21125074,-0.23235498
kicked,prior,0.62251306,0.47732562,0.1779041,0.5543015,0.118419036,0.60554934,-0.13347225
dykes,prior,0.39677322,0.11514294,0.11467058,-0.26724407,0.35992813,0.034045834,-0.18855296
natty,prior,-0.103207245,0.7268502,0.65382195,-0.22234648,-0.18920742,-0.24157529,0.0008099885
thugmaxx,ours,0.048624147,0.093453094,0.8416064,0.09786812,0.07994115,0.05801739,0.10927225
chink,prior,0.07257529,0.30908197,0.15026213,-0.08562182,0.24763523,0.08728917,0.03514631
manospherians,ours,0.14493458,0.22444011,0.14844604,0.086699665,0.9550906,0.094040975,0.07386561
jfc,prior,0.29766738,0.15758741,1.1712605,0.041784614,0.76434845,0.42240718,0.20727976
stardusk,ours,0.5842868,0.07093176,-0.07443544,-0.14820637,0.06552694,-0.07886386,-0.117343366
sodini,prior,0.024471948,0.09504232,0.18638751,0.07919492,0.30011207,0.07964956,0.14817204
beastiality,prior,0.11438481,-0.05832269,0.29100883,-0.036143824,0.14866434,-0.032434143,-0.029944144
gangbanger,prior,0.049832676,0.114462994,0.24680883,0.080890395,0.11575109,0.008070312,0.08549519
